0 verbose cli F:\Node js\node.exe C:\Users\prane\AppData\Roaming\npm\node_modules\npm\bin\npm-cli.js
1 info using npm@11.14.1
2 info using node@v20.19.4
3 silly config load:file:C:\Users\prane\AppData\Roaming\npm\node_modules\npm\npmrc
4 silly config load:file:D:\APPLICATION-JPS\.npmrc
5 silly config load:file:C:\Users\prane\.npmrc
6 silly config load:file:C:\Users\prane\AppData\Roaming\npm\etc\npmrc
7 verbose title npm install firebase firebase-admin
8 verbose argv "install" "firebase" "firebase-admin" "--cache" ".npm-cache"
9 verbose logfile logs-max:10 dir:D:\APPLICATION-JPS\.npm-cache\_logs\2026-08-14T13_45_23_082Z-
10 verbose logfile D:\APPLICATION-JPS\.npm-cache\_logs\2026-08-14T13_45_23_082Z-debug-0.log
11 silly logfile done cleaning log files
12 silly packumentCache heap:2197815296 maxSize:549453824 maxEntrySize:274726912
13 silly idealTree buildDeps
14 silly fetch manifest firebase@*
15 silly packumentCache full:https://registry.npmjs.org/firebase cache-miss
16 http fetch GET 200 https://registry.npmjs.org/npm 1640ms
17 http fetch GET 200 https://registry.npmjs.org/firebase 2373ms (cache miss)
18 silly packumentCache full:https://registry.npmjs.org/firebase set size:undefined disposed:false
19 silly fetch manifest firebase-admin@*
20 silly packumentCache full:https://registry.npmjs.org/firebase-admin cache-miss
21 http fetch GET 200 https://registry.npmjs.org/firebase-admin 393ms (cache miss)
22 silly packumentCache full:https://registry.npmjs.org/firebase-admin set size:undefined disposed:false
23 silly placeDep ROOT firebase@12.17.1 OK for: jps-fabrics@0.1.0 want: *
24 silly placeDep ROOT firebase-admin@13.10.0 OK for: jps-fabrics@0.1.0 want: *
25 silly fetch manifest @firebase/ai@2.14.0
26 silly packumentCache full:https://registry.npmjs.org/@firebase%2fai cache-miss
27 silly fetch manifest @firebase/app@0.16.0
28 silly packumentCache full:https://registry.npmjs.org/@firebase%2fapp cache-miss
29 silly fetch manifest @firebase/auth@1.13.4
30 silly packumentCache full:https://registry.npmjs.org/@firebase%2fauth cache-miss
31 silly fetch manifest @firebase/util@1.15.2
32 silly packumentCache full:https://registry.npmjs.org/@firebase%2futil cache-miss
33 silly fetch manifest @firebase/storage@0.14.4
34 silly packumentCache full:https://registry.npmjs.org/@firebase%2fstorage cache-miss
35 silly fetch manifest @firebase/database@1.1.4
36 silly packumentCache full:https://registry.npmjs.org/@firebase%2fdatabase cache-miss
37 silly fetch manifest @firebase/analytics@0.10.23
38 silly packumentCache full:https://registry.npmjs.org/@firebase%2fanalytics cache-miss
39 silly fetch manifest @firebase/app-check@0.13.0
40 silly packumentCache full:https://registry.npmjs.org/@firebase%2fapp-check cache-miss
41 silly fetch manifest @firebase/app-types@0.9.5
42 silly packumentCache full:https://registry.npmjs.org/@firebase%2fapp-types cache-miss
43 silly fetch manifest @firebase/firestore@4.17.0
44 silly packumentCache full:https://registry.npmjs.org/@firebase%2ffirestore cache-miss
45 silly fetch manifest @firebase/functions@0.13.6
46 silly packumentCache full:https://registry.npmjs.org/@firebase%2ffunctions cache-miss
47 silly fetch manifest @firebase/messaging@0.13.1
48 silly packumentCache full:https://registry.npmjs.org/@firebase%2fmessaging cache-miss
49 silly fetch manifest @firebase/app-compat@0.5.16
50 silly packumentCache full:https://registry.npmjs.org/@firebase%2fapp-compat cache-miss
51 silly fetch manifest @firebase/auth-compat@0.6.9
52 silly packumentCache full:https://registry.npmjs.org/@firebase%2fauth-compat cache-miss
53 silly fetch manifest @firebase/performance@0.7.13
54 silly packumentCache full:https://registry.npmjs.org/@firebase%2fperformance cache-miss
55 http fetch GET 200 https://registry.npmjs.org/@firebase%2fai 151ms (cache miss)
56 silly packumentCache full:https://registry.npmjs.org/@firebase%2fai set size:undefined disposed:false
57 silly fetch manifest @firebase/data-connect@0.7.3
58 silly packumentCache full:https://registry.npmjs.org/@firebase%2fdata-connect cache-miss
59 http fetch GET 200 https://registry.npmjs.org/@firebase%2fdata-connect 182ms (cache miss)
60 silly packumentCache full:https://registry.npmjs.org/@firebase%2fdata-connect set size:undefined disposed:false
61 silly fetch manifest @firebase/installations@0.6.23
62 silly packumentCache full:https://registry.npmjs.org/@firebase%2finstallations cache-miss
63 http fetch GET 200 https://registry.npmjs.org/@firebase%2finstallations 2647ms (cache miss)
64 silly packumentCache full:https://registry.npmjs.org/@firebase%2finstallations set size:undefined disposed:false
65 silly fetch manifest @firebase/remote-config@0.9.1
66 silly packumentCache full:https://registry.npmjs.org/@firebase%2fremote-config cache-miss
67 http fetch GET 200 https://registry.npmjs.org/@firebase%2fapp-compat 4317ms (cache miss)
68 silly packumentCache full:https://registry.npmjs.org/@firebase%2fapp-compat set size:undefined disposed:false
69 silly fetch manifest @firebase/storage-compat@0.4.4
70 silly packumentCache full:https://registry.npmjs.org/@firebase%2fstorage-compat cache-miss
71 http fetch GET 200 https://registry.npmjs.org/@firebase%2fauth-compat 4868ms (cache miss)
72 silly packumentCache full:https://registry.npmjs.org/@firebase%2fauth-compat set size:undefined disposed:false
73 silly fetch manifest @firebase/database-compat@2.1.6
74 silly packumentCache full:https://registry.npmjs.org/@firebase%2fdatabase-compat cache-miss
75 http fetch GET 200 https://registry.npmjs.org/@firebase%2fapp 5421ms (cache miss)
76 silly packumentCache full:https://registry.npmjs.org/@firebase%2fapp set size:undefined disposed:false
77 silly fetch manifest @firebase/analytics-compat@0.2.29
78 silly packumentCache full:https://registry.npmjs.org/@firebase%2fanalytics-compat cache-miss
79 http fetch GET 200 https://registry.npmjs.org/@firebase%2fremote-config 2519ms (cache miss)
80 silly packumentCache full:https://registry.npmjs.org/@firebase%2fremote-config set size:undefined disposed:false
81 silly fetch manifest @firebase/app-check-compat@0.4.6
82 silly packumentCache full:https://registry.npmjs.org/@firebase%2fapp-check-compat cache-miss
83 http fetch GET 200 https://registry.npmjs.org/@firebase%2fstorage-compat 2428ms (cache miss)
84 silly packumentCache full:https://registry.npmjs.org/@firebase%2fstorage-compat set size:undefined disposed:false
85 silly fetch manifest @firebase/firestore-compat@0.4.12
86 silly packumentCache full:https://registry.npmjs.org/@firebase%2ffirestore-compat cache-miss
87 http fetch GET 200 https://registry.npmjs.org/@firebase%2fanalytics-compat 1369ms (cache miss)
88 silly packumentCache full:https://registry.npmjs.org/@firebase%2fanalytics-compat set size:undefined disposed:false
89 silly fetch manifest @firebase/functions-compat@0.4.6
90 silly packumentCache full:https://registry.npmjs.org/@firebase%2ffunctions-compat cache-miss
91 http fetch GET 200 https://registry.npmjs.org/@firebase%2fanalytics 7100ms (cache miss)
92 silly packumentCache full:https://registry.npmjs.org/@firebase%2fanalytics set size:undefined disposed:false
93 silly fetch manifest @firebase/messaging-compat@0.2.28
94 silly packumentCache full:https://registry.npmjs.org/@firebase%2fmessaging-compat cache-miss
95 http fetch GET 200 https://registry.npmjs.org/@firebase%2fapp-check-compat 1437ms (cache miss)
96 silly packumentCache full:https://registry.npmjs.org/@firebase%2fapp-check-compat set size:undefined disposed:false
97 silly fetch manifest @firebase/performance-compat@0.2.26
98 silly packumentCache full:https://registry.npmjs.org/@firebase%2fperformance-compat cache-miss
99 http fetch GET 200 https://registry.npmjs.org/@firebase%2futil 7380ms (cache miss)
100 silly packumentCache full:https://registry.npmjs.org/@firebase%2futil set size:undefined disposed:false
101 silly fetch manifest @firebase/installations-compat@0.2.23
102 silly packumentCache full:https://registry.npmjs.org/@firebase%2finstallations-compat cache-miss
103 http fetch GET 200 https://registry.npmjs.org/@firebase%2fdatabase-compat 2630ms (cache miss)
104 silly packumentCache full:https://registry.npmjs.org/@firebase%2fdatabase-compat set size:undefined disposed:false
105 silly fetch manifest @firebase/remote-config-compat@0.2.28
106 silly packumentCache full:https://registry.npmjs.org/@firebase%2fremote-config-compat cache-miss
107 http fetch GET 200 https://registry.npmjs.org/@firebase%2fapp-check 7643ms (cache miss)
108 silly packumentCache full:https://registry.npmjs.org/@firebase%2fapp-check set size:undefined disposed:false
109 silly fetch manifest jwks-rsa@^3.1.0
110 silly packumentCache full:https://registry.npmjs.org/jwks-rsa cache-miss
111 http fetch GET 200 https://registry.npmjs.org/@firebase%2fstorage 8505ms (cache miss)
112 silly packumentCache full:https://registry.npmjs.org/@firebase%2fstorage set size:undefined disposed:false
113 silly fetch manifest jsonwebtoken@^9.0.0
114 silly packumentCache full:https://registry.npmjs.org/jsonwebtoken cache-miss
115 http fetch GET 200 https://registry.npmjs.org/@firebase%2fapp-types 8717ms (cache miss)
116 silly packumentCache full:https://registry.npmjs.org/@firebase%2fapp-types set size:undefined disposed:false
117 silly fetch manifest @fastify/busboy@^3.0.0
118 silly packumentCache full:https://registry.npmjs.org/@fastify%2fbusboy cache-miss
119 http fetch GET 200 https://registry.npmjs.org/@firebase%2fperformance-compat 1622ms (cache miss)
120 silly packumentCache full:https://registry.npmjs.org/@firebase%2fperformance-compat set size:undefined disposed:false
121 silly fetch manifest farmhash-modern@^1.1.0
122 silly packumentCache full:https://registry.npmjs.org/farmhash-modern cache-miss
123 http fetch GET 200 https://registry.npmjs.org/@firebase%2ffunctions-compat 2333ms (cache miss)
124 silly packumentCache full:https://registry.npmjs.org/@firebase%2ffunctions-compat set size:undefined disposed:false
125 silly fetch manifest google-auth-library@^10.6.1
126 silly packumentCache full:https://registry.npmjs.org/google-auth-library cache-miss
127 http fetch GET 200 https://registry.npmjs.org/jwks-rsa 1758ms (cache miss)
128 silly packumentCache full:https://registry.npmjs.org/jwks-rsa set size:undefined disposed:false
129 silly fetch manifest @firebase/database-types@^1.0.6
130 silly packumentCache full:https://registry.npmjs.org/@firebase%2fdatabase-types cache-miss
131 http fetch GET 200 https://registry.npmjs.org/@firebase%2ffirestore-compat 2646ms (cache miss)
132 silly packumentCache full:https://registry.npmjs.org/@firebase%2ffirestore-compat set size:undefined disposed:false
133 silly fetch manifest @firebase/database-compat@^2.0.0
134 silly packumentCache full:https://registry.npmjs.org/@firebase%2fdatabase-compat cache-miss
135 http cache https://registry.npmjs.org/@firebase%2fdatabase-compat 61ms (cache hit)
136 silly packumentCache full:https://registry.npmjs.org/@firebase%2fdatabase-compat set size:6315404 disposed:false
137 silly fetch manifest @google-cloud/storage@^7.19.0
138 silly packumentCache full:https://registry.npmjs.org/@google-cloud%2fstorage cache-miss
139 http fetch GET 200 https://registry.npmjs.org/@firebase%2ffunctions 9941ms (cache miss)
140 silly packumentCache full:https://registry.npmjs.org/@firebase%2ffunctions set size:undefined disposed:false
141 silly fetch manifest @google-cloud/firestore@^7.11.0
142 silly packumentCache full:https://registry.npmjs.org/@google-cloud%2ffirestore cache-miss
143 http fetch GET 200 https://registry.npmjs.org/@firebase%2fperformance 10152ms (cache miss)
144 silly packumentCache full:https://registry.npmjs.org/@firebase%2fperformance set size:undefined disposed:false
145 http fetch GET 200 https://registry.npmjs.org/jsonwebtoken 1651ms (cache miss)
146 silly packumentCache full:https://registry.npmjs.org/jsonwebtoken set size:undefined disposed:false
147 http fetch GET 200 https://registry.npmjs.org/@firebase%2fremote-config-compat 2699ms (cache miss)
148 silly packumentCache full:https://registry.npmjs.org/@firebase%2fremote-config-compat set size:undefined disposed:false
149 http fetch GET 200 https://registry.npmjs.org/@firebase%2finstallations-compat 2849ms (cache miss)
150 silly packumentCache full:https://registry.npmjs.org/@firebase%2finstallations-compat set size:undefined disposed:false
151 http fetch GET 200 https://registry.npmjs.org/@firebase%2fmessaging-compat 3241ms (cache miss)
152 silly packumentCache full:https://registry.npmjs.org/@firebase%2fmessaging-compat set size:undefined disposed:false
153 http fetch GET 200 https://registry.npmjs.org/farmhash-modern 1572ms (cache miss)
154 silly packumentCache full:https://registry.npmjs.org/farmhash-modern set size:undefined disposed:false
155 http fetch GET 200 https://registry.npmjs.org/@fastify%2fbusboy 2182ms (cache miss)
156 silly packumentCache full:https://registry.npmjs.org/@fastify%2fbusboy set size:undefined disposed:false
157 http fetch GET 200 https://registry.npmjs.org/google-auth-library 1701ms (cache miss)
158 silly packumentCache full:https://registry.npmjs.org/google-auth-library set size:undefined disposed:false
159 http fetch GET 200 https://registry.npmjs.org/@firebase%2ffirestore 11156ms (cache miss)
160 silly packumentCache full:https://registry.npmjs.org/@firebase%2ffirestore set size:undefined disposed:false
161 http fetch GET 200 https://registry.npmjs.org/@firebase%2fdatabase 12026ms (cache miss)
162 silly packumentCache full:https://registry.npmjs.org/@firebase%2fdatabase set size:undefined disposed:false
163 http fetch GET 200 https://registry.npmjs.org/@google-cloud%2fstorage 2488ms (cache miss)
164 silly packumentCache full:https://registry.npmjs.org/@google-cloud%2fstorage set size:undefined disposed:false
165 http fetch GET 200 https://registry.npmjs.org/@google-cloud%2ffirestore 2124ms (cache miss)
166 silly packumentCache full:https://registry.npmjs.org/@google-cloud%2ffirestore set size:undefined disposed:false
167 http fetch GET 200 https://registry.npmjs.org/@firebase%2fauth 12251ms (cache miss)
168 silly packumentCache full:https://registry.npmjs.org/@firebase%2fauth set size:undefined disposed:false
169 http fetch GET 200 https://registry.npmjs.org/@firebase%2fmessaging 12887ms (cache miss)
170 silly packumentCache full:https://registry.npmjs.org/@firebase%2fmessaging set size:undefined disposed:false
171 http fetch GET 200 https://registry.npmjs.org/@firebase%2fdatabase-types 6966ms (cache miss)
172 silly packumentCache full:https://registry.npmjs.org/@firebase%2fdatabase-types set size:undefined disposed:false
173 silly fetch manifest @react-native-async-storage/async-storage@^2.2.0 || ^3.0.0
174 silly packumentCache full:https://registry.npmjs.org/@react-native-async-storage%2fasync-storage cache-miss
175 http fetch GET 200 https://registry.npmjs.org/@react-native-async-storage%2fasync-storage 237ms (cache miss)
176 silly packumentCache full:https://registry.npmjs.org/@react-native-async-storage%2fasync-storage set size:undefined disposed:false
177 silly fetch manifest react@*
178 silly packumentCache full:https://registry.npmjs.org/react cache-miss
179 http fetch GET 200 https://registry.npmjs.org/react 1748ms (cache updated)
180 silly packumentCache full:https://registry.npmjs.org/react set size:undefined disposed:false
181 silly fetch manifest react-native@*
182 silly packumentCache full:https://registry.npmjs.org/react-native cache-miss
183 http fetch GET 200 https://registry.npmjs.org/react-native 2473ms (cache updated)
184 silly packumentCache full:https://registry.npmjs.org/react-native set size:undefined disposed:false
185 silly fetch manifest @react-native/jest-preset@0.86.2
186 silly packumentCache full:https://registry.npmjs.org/@react-native%2fjest-preset cache-miss
187 http fetch GET 200 https://registry.npmjs.org/@react-native%2fjest-preset 960ms (cache updated)
188 silly packumentCache full:https://registry.npmjs.org/@react-native%2fjest-preset set size:undefined disposed:false
189 silly fetch manifest @types/react@^19.1.1
190 silly packumentCache full:https://registry.npmjs.org/@types%2freact cache-miss
191 http fetch GET 200 https://registry.npmjs.org/@types%2freact 208ms (cache revalidated)
192 silly packumentCache full:https://registry.npmjs.org/@types%2freact set size:2637439 disposed:false
193 silly placeDep ROOT @firebase/ai@2.14.0 OK for: firebase@12.17.1 want: 2.14.0
194 silly placeDep ROOT @firebase/app@0.16.0 OK for: @firebase/ai@2.14.0 want: 0.x
195 silly placeDep ROOT @firebase/app-types@0.9.5 OK for: @firebase/ai@2.14.0 want: 0.x
196 silly placeDep ROOT @firebase/analytics@0.10.23 OK for: firebase@12.17.1 want: 0.10.23
197 silly placeDep ROOT @firebase/analytics-compat@0.2.29 OK for: firebase@12.17.1 want: 0.2.29
198 silly placeDep ROOT @firebase/app-compat@0.5.16 OK for: @firebase/analytics-compat@0.2.29 want: 0.x
199 silly placeDep ROOT @firebase/app-check@0.13.0 OK for: firebase@12.17.1 want: 0.13.0
200 silly placeDep ROOT @firebase/app-check-compat@0.4.6 OK for: firebase@12.17.1 want: 0.4.6
201 silly placeDep ROOT @firebase/auth@1.13.4 OK for: firebase@12.17.1 want: 1.13.4
202 silly placeDep ROOT @firebase/auth-compat@0.6.9 OK for: firebase@12.17.1 want: 0.6.9
203 silly placeDep ROOT @firebase/data-connect@0.7.3 OK for: firebase@12.17.1 want: 0.7.3
204 silly placeDep ROOT @firebase/database@1.1.4 OK for: firebase@12.17.1 want: 1.1.4
205 silly placeDep ROOT @firebase/database-compat@2.1.6 OK for: firebase@12.17.1 want: 2.1.6
206 silly placeDep ROOT @firebase/firestore@4.17.0 OK for: firebase@12.17.1 want: 4.17.0
207 silly placeDep ROOT @firebase/firestore-compat@0.4.12 OK for: firebase@12.17.1 want: 0.4.12
208 silly placeDep ROOT @firebase/functions@0.13.6 OK for: firebase@12.17.1 want: 0.13.6
209 silly placeDep ROOT @firebase/functions-compat@0.4.6 OK for: firebase@12.17.1 want: 0.4.6
210 silly placeDep ROOT @firebase/installations@0.6.23 OK for: firebase@12.17.1 want: 0.6.23
211 silly placeDep ROOT @firebase/installations-compat@0.2.23 OK for: firebase@12.17.1 want: 0.2.23
212 silly placeDep ROOT @firebase/messaging@0.13.1 OK for: firebase@12.17.1 want: 0.13.1
213 silly placeDep ROOT @firebase/messaging-compat@0.2.28 OK for: firebase@12.17.1 want: 0.2.28
214 silly placeDep ROOT @firebase/performance@0.7.13 OK for: firebase@12.17.1 want: 0.7.13
215 silly placeDep ROOT @firebase/performance-compat@0.2.26 OK for: firebase@12.17.1 want: 0.2.26
216 silly placeDep ROOT @firebase/remote-config@0.9.1 OK for: firebase@12.17.1 want: 0.9.1
217 silly placeDep ROOT @firebase/remote-config-compat@0.2.28 OK for: firebase@12.17.1 want: 0.2.28
218 silly placeDep ROOT @firebase/storage@0.14.4 OK for: firebase@12.17.1 want: 0.14.4
219 silly placeDep ROOT @firebase/storage-compat@0.4.4 OK for: firebase@12.17.1 want: 0.4.4
220 silly placeDep ROOT @firebase/util@1.15.2 OK for: firebase@12.17.1 want: 1.15.2
221 silly fetch manifest @firebase/logger@0.5.1
222 silly packumentCache full:https://registry.npmjs.org/@firebase%2flogger cache-miss
223 silly fetch manifest @firebase/component@0.7.4
224 silly packumentCache full:https://registry.npmjs.org/@firebase%2fcomponent cache-miss
225 silly fetch manifest @firebase/app-check-interop-types@0.3.4
226 silly packumentCache full:https://registry.npmjs.org/@firebase%2fapp-check-interop-types cache-miss
227 silly fetch manifest @firebase/logger@0.5.1
228 silly packumentCache full:https://registry.npmjs.org/@firebase%2flogger cache-miss
229 silly fetch manifest idb@7.1.1
230 silly packumentCache full:https://registry.npmjs.org/idb cache-miss
231 silly fetch manifest @firebase/logger@0.5.1
232 silly packumentCache full:https://registry.npmjs.org/@firebase%2flogger cache-miss
233 silly fetch manifest @firebase/component@0.7.4
234 silly packumentCache full:https://registry.npmjs.org/@firebase%2fcomponent cache-miss
235 silly fetch manifest @firebase/logger@0.5.1
236 silly packumentCache full:https://registry.npmjs.org/@firebase%2flogger cache-miss
237 silly fetch manifest @firebase/component@0.7.4
238 silly packumentCache full:https://registry.npmjs.org/@firebase%2fcomponent cache-miss
239 silly fetch manifest @firebase/component@0.7.4
240 silly packumentCache full:https://registry.npmjs.org/@firebase%2fcomponent cache-miss
241 silly fetch manifest @firebase/analytics-types@0.8.4
242 silly packumentCache full:https://registry.npmjs.org/@firebase%2fanalytics-types cache-miss
243 silly fetch manifest @firebase/logger@0.5.1
244 silly packumentCache full:https://registry.npmjs.org/@firebase%2flogger cache-miss
245 silly fetch manifest @firebase/component@0.7.4
246 silly packumentCache full:https://registry.npmjs.org/@firebase%2fcomponent cache-miss
247 silly fetch manifest @firebase/logger@0.5.1
248 silly packumentCache full:https://registry.npmjs.org/@firebase%2flogger cache-miss
249 silly fetch manifest @firebase/component@0.7.4
250 silly packumentCache full:https://registry.npmjs.org/@firebase%2fcomponent cache-miss
251 http fetch GET 200 https://registry.npmjs.org/idb 376ms (cache miss)
252 silly packumentCache full:https://registry.npmjs.org/idb set size:undefined disposed:false
253 silly fetch manifest @firebase/logger@0.5.1
254 silly packumentCache full:https://registry.npmjs.org/@firebase%2flogger cache-miss
255 http fetch GET 200 https://registry.npmjs.org/@firebase%2fapp-check-interop-types 2165ms (cache miss)
256 silly packumentCache full:https://registry.npmjs.org/@firebase%2fapp-check-interop-types set size:undefined disposed:false
257 silly fetch manifest @firebase/component@0.7.4
258 silly packumentCache full:https://registry.npmjs.org/@firebase%2fcomponent cache-miss
259 http fetch GET 200 https://registry.npmjs.org/@firebase%2fcomponent 4544ms (cache miss)
260 silly packumentCache full:https://registry.npmjs.org/@firebase%2fcomponent set size:undefined disposed:false
261 silly fetch manifest @firebase/app-check-types@0.5.4
262 silly packumentCache full:https://registry.npmjs.org/@firebase%2fapp-check-types cache-miss
263 http fetch GET 200 https://registry.npmjs.org/@firebase%2fcomponent 4810ms (cache miss)
264 silly packumentCache full:https://registry.npmjs.org/@firebase%2fcomponent set size:undefined disposed:false
265 silly fetch manifest @firebase/logger@0.5.1
266 silly packumentCache full:https://registry.npmjs.org/@firebase%2flogger cache-miss
267 http fetch GET 200 https://registry.npmjs.org/@firebase%2fcomponent 3377ms (cache miss)
268 silly packumentCache full:https://registry.npmjs.org/@firebase%2fcomponent set size:undefined disposed:false
269 silly fetch manifest @firebase/auth-types@0.13.1
270 silly packumentCache full:https://registry.npmjs.org/@firebase%2fauth-types cache-miss
271 http fetch GET 200 https://registry.npmjs.org/@firebase%2fcomponent 5813ms (cache miss)
272 silly packumentCache full:https://registry.npmjs.org/@firebase%2fcomponent set size:undefined disposed:false
273 silly fetch manifest @firebase/logger@0.5.1
274 silly packumentCache full:https://registry.npmjs.org/@firebase%2flogger cache-miss
275 http fetch GET 200 https://registry.npmjs.org/@firebase%2fcomponent 5916ms (cache miss)
276 silly packumentCache full:https://registry.npmjs.org/@firebase%2fcomponent set size:undefined disposed:false
277 silly fetch manifest @firebase/auth-interop-types@0.2.5
278 silly packumentCache full:https://registry.npmjs.org/@firebase%2fauth-interop-types cache-miss
279 http fetch GET 200 https://registry.npmjs.org/@firebase%2fcomponent 6085ms (cache miss)
280 silly packumentCache full:https://registry.npmjs.org/@firebase%2fcomponent set size:undefined disposed:false
281 silly fetch manifest faye-websocket@0.11.4
282 silly packumentCache full:https://registry.npmjs.org/faye-websocket cache-miss
283 http fetch GET 200 https://registry.npmjs.org/@firebase%2flogger 6229ms (cache miss)
284 silly packumentCache full:https://registry.npmjs.org/@firebase%2flogger set size:undefined disposed:false
285 silly fetch manifest @firebase/auth-interop-types@0.2.5
286 silly packumentCache full:https://registry.npmjs.org/@firebase%2fauth-interop-types cache-miss
287 http fetch GET 200 https://registry.npmjs.org/@firebase%2flogger 6369ms (cache miss)
288 silly packumentCache full:https://registry.npmjs.org/@firebase%2flogger set size:undefined disposed:false
289 silly fetch manifest @firebase/database-types@1.0.21
290 silly packumentCache full:https://registry.npmjs.org/@firebase%2fdatabase-types cache-miss
291 http cache https://registry.npmjs.org/@firebase%2fdatabase-types 78ms (cache hit)
292 silly packumentCache full:https://registry.npmjs.org/@firebase%2fdatabase-types set size:9149067 disposed:false
293 silly fetch manifest re2js@^2.8.3
294 silly packumentCache full:https://registry.npmjs.org/re2js cache-miss
295 http fetch GET 200 https://registry.npmjs.org/@firebase%2flogger 6783ms (cache miss)
296 silly packumentCache full:https://registry.npmjs.org/@firebase%2flogger set size:undefined disposed:false
297 silly fetch manifest @grpc/grpc-js@~1.9.0
298 silly packumentCache full:https://registry.npmjs.org/@grpc%2fgrpc-js cache-miss
299 http fetch GET 200 https://registry.npmjs.org/faye-websocket 839ms (cache miss)
300 silly packumentCache full:https://registry.npmjs.org/faye-websocket set size:undefined disposed:false
301 silly fetch manifest @grpc/proto-loader@^0.7.8
302 silly packumentCache full:https://registry.npmjs.org/@grpc%2fproto-loader cache-miss
303 http fetch GET 200 https://registry.npmjs.org/@firebase%2fanalytics-types 7090ms (cache miss)
304 silly packumentCache full:https://registry.npmjs.org/@firebase%2fanalytics-types set size:undefined disposed:false
305 silly fetch manifest @firebase/webchannel-wrapper@1.0.6
306 silly packumentCache full:https://registry.npmjs.org/@firebase%2fwebchannel-wrapper cache-miss
307 http fetch GET 200 https://registry.npmjs.org/@firebase%2flogger 7190ms (cache miss)
308 silly packumentCache full:https://registry.npmjs.org/@firebase%2flogger set size:undefined disposed:false
309 silly fetch manifest @firebase/firestore-types@3.0.4
310 silly packumentCache full:https://registry.npmjs.org/@firebase%2ffirestore-types cache-miss
311 http fetch GET 200 https://registry.npmjs.org/re2js 742ms (cache miss)
312 silly packumentCache full:https://registry.npmjs.org/re2js set size:undefined disposed:false
313 silly fetch manifest @firebase/auth-interop-types@0.2.5
314 silly packumentCache full:https://registry.npmjs.org/@firebase%2fauth-interop-types cache-miss
315 http fetch GET 200 https://registry.npmjs.org/@firebase%2fcomponent 7800ms (cache miss)
316 silly packumentCache full:https://registry.npmjs.org/@firebase%2fcomponent set size:undefined disposed:false
317 silly fetch manifest @firebase/messaging-interop-types@0.2.5
318 silly packumentCache full:https://registry.npmjs.org/@firebase%2fmessaging-interop-types cache-miss
319 http fetch GET 200 https://registry.npmjs.org/@grpc%2fgrpc-js 1196ms (cache miss)
320 silly packumentCache full:https://registry.npmjs.org/@grpc%2fgrpc-js set size:undefined disposed:false
321 silly fetch manifest @firebase/functions-types@0.6.4
322 silly packumentCache full:https://registry.npmjs.org/@firebase%2ffunctions-types cache-miss
323 http fetch GET 200 https://registry.npmjs.org/@grpc%2fproto-loader 1342ms (cache miss)
324 silly packumentCache full:https://registry.npmjs.org/@grpc%2fproto-loader set size:undefined disposed:false
325 silly fetch manifest @firebase/installations-types@0.5.4
326 silly packumentCache full:https://registry.npmjs.org/@firebase%2finstallations-types cache-miss
327 http fetch GET 200 https://registry.npmjs.org/@firebase%2fapp-check-types 3790ms (cache miss)
328 silly packumentCache full:https://registry.npmjs.org/@firebase%2fapp-check-types set size:undefined disposed:false
329 silly fetch manifest @firebase/messaging-interop-types@0.2.5
330 silly packumentCache full:https://registry.npmjs.org/@firebase%2fmessaging-interop-types cache-miss
331 http fetch GET 200 https://registry.npmjs.org/@firebase%2flogger 8981ms (cache miss)
332 silly packumentCache full:https://registry.npmjs.org/@firebase%2flogger set size:undefined disposed:false
333 silly fetch manifest web-vitals@^4.2.4
334 silly packumentCache full:https://registry.npmjs.org/web-vitals cache-miss
335 http fetch GET 200 https://registry.npmjs.org/@firebase%2flogger 9266ms (cache miss)
336 silly packumentCache full:https://registry.npmjs.org/@firebase%2flogger set size:undefined disposed:false
337 silly fetch manifest @firebase/performance-types@0.2.4
338 silly packumentCache full:https://registry.npmjs.org/@firebase%2fperformance-types cache-miss
339 http fetch GET 200 https://registry.npmjs.org/web-vitals 680ms (cache miss)
340 silly packumentCache full:https://registry.npmjs.org/web-vitals set size:undefined disposed:false
341 silly fetch manifest @firebase/remote-config-types@0.5.1
342 silly packumentCache full:https://registry.npmjs.org/@firebase%2fremote-config-types cache-miss
343 http fetch GET 200 https://registry.npmjs.org/@firebase%2flogger 9845ms (cache miss)
344 silly packumentCache full:https://registry.npmjs.org/@firebase%2flogger set size:undefined disposed:false
345 silly fetch manifest @firebase/storage-types@0.8.4
346 silly packumentCache full:https://registry.npmjs.org/@firebase%2fstorage-types cache-miss
347 http fetch GET 200 https://registry.npmjs.org/@firebase%2flogger 5660ms (cache miss)
348 silly packumentCache full:https://registry.npmjs.org/@firebase%2flogger set size:undefined disposed:false
349 http fetch GET 200 https://registry.npmjs.org/@firebase%2fmessaging-interop-types 2542ms (cache miss)
350 silly packumentCache full:https://registry.npmjs.org/@firebase%2fmessaging-interop-types set size:undefined disposed:false
351 http fetch GET 200 https://registry.npmjs.org/@firebase%2fauth-types 5681ms (cache miss)
352 silly packumentCache full:https://registry.npmjs.org/@firebase%2fauth-types set size:undefined disposed:false
353 http fetch GET 200 https://registry.npmjs.org/@firebase%2fmessaging-interop-types 4005ms (cache miss)
354 silly packumentCache full:https://registry.npmjs.org/@firebase%2fmessaging-interop-types set size:undefined disposed:false
355 http fetch GET 200 https://registry.npmjs.org/@firebase%2flogger 7016ms (cache miss)
356 silly packumentCache full:https://registry.npmjs.org/@firebase%2flogger set size:undefined disposed:false
357 http fetch GET 200 https://registry.npmjs.org/@firebase%2fauth-interop-types 5764ms (cache miss)
358 silly packumentCache full:https://registry.npmjs.org/@firebase%2fauth-interop-types set size:undefined disposed:false
359 http fetch GET 200 https://registry.npmjs.org/@firebase%2fauth-interop-types 7215ms (cache miss)
360 silly packumentCache full:https://registry.npmjs.org/@firebase%2fauth-interop-types set size:undefined disposed:false
361 http fetch GET 200 https://registry.npmjs.org/@firebase%2fauth-interop-types 6987ms (cache miss)
362 silly packumentCache full:https://registry.npmjs.org/@firebase%2fauth-interop-types set size:undefined disposed:false
363 http fetch GET 200 https://registry.npmjs.org/@firebase%2ffunctions-types 5325ms (cache miss)
364 silly packumentCache full:https://registry.npmjs.org/@firebase%2ffunctions-types set size:undefined disposed:false
365 http fetch GET 200 https://registry.npmjs.org/@firebase%2ffirestore-types 6810ms (cache miss)
366 silly packumentCache full:https://registry.npmjs.org/@firebase%2ffirestore-types set size:undefined disposed:false
367 http fetch GET 200 https://registry.npmjs.org/@firebase%2finstallations-types 6015ms (cache miss)
368 silly packumentCache full:https://registry.npmjs.org/@firebase%2finstallations-types set size:undefined disposed:false
369 http fetch GET 200 https://registry.npmjs.org/@firebase%2fremote-config-types 5004ms (cache miss)
370 silly packumentCache full:https://registry.npmjs.org/@firebase%2fremote-config-types set size:undefined disposed:false
371 http fetch GET 200 https://registry.npmjs.org/@firebase%2fperformance-types 5138ms (cache miss)
372 silly packumentCache full:https://registry.npmjs.org/@firebase%2fperformance-types set size:undefined disposed:false
373 http fetch GET 200 https://registry.npmjs.org/@firebase%2fwebchannel-wrapper 7948ms (cache miss)
374 silly packumentCache full:https://registry.npmjs.org/@firebase%2fwebchannel-wrapper set size:undefined disposed:false
375 http fetch GET 200 https://registry.npmjs.org/@firebase%2fstorage-types 5602ms (cache miss)
376 silly packumentCache full:https://registry.npmjs.org/@firebase%2fstorage-types set size:undefined disposed:false
377 silly placeDep ROOT @firebase/app-check-interop-types@0.3.4 OK for: @firebase/ai@2.14.0 want: 0.3.4
378 silly placeDep ROOT @firebase/component@0.7.4 OK for: @firebase/ai@2.14.0 want: 0.7.4
379 silly placeDep ROOT @firebase/logger@0.5.1 OK for: @firebase/ai@2.14.0 want: 0.5.1
380 silly placeDep ROOT @firebase/analytics-types@0.8.4 OK for: @firebase/analytics-compat@0.2.29 want: 0.8.4
381 silly placeDep ROOT idb@7.1.1 OK for: @firebase/app@0.16.0 want: 7.1.1
382 silly placeDep ROOT @firebase/app-check-types@0.5.4 OK for: @firebase/app-check-compat@0.4.6 want: 0.5.4
383 silly fetch manifest @firebase/app-types@0.x
384 silly packumentCache full:https://registry.npmjs.org/@firebase%2fapp-types cache-miss
385 http cache https://registry.npmjs.org/@firebase%2fapp-types 55ms (cache hit)
386 silly packumentCache full:https://registry.npmjs.org/@firebase%2fapp-types set size:8591173 disposed:false
387 silly placeDep ROOT @firebase/auth-types@0.13.1 OK for: @firebase/auth-compat@0.6.9 want: 0.13.1
388 silly placeDep ROOT @firebase/auth-interop-types@0.2.5 OK for: @firebase/data-connect@0.7.3 want: 0.2.5
389 silly placeDep ROOT faye-websocket@0.11.4 OK for: @firebase/database@1.1.4 want: 0.11.4
390 silly fetch manifest websocket-driver@>=0.5.1
391 silly packumentCache full:https://registry.npmjs.org/websocket-driver cache-miss
392 http fetch GET 200 https://registry.npmjs.org/websocket-driver 1252ms (cache miss)
393 silly packumentCache full:https://registry.npmjs.org/websocket-driver set size:undefined disposed:false
394 silly placeDep ROOT @firebase/database-types@1.0.21 OK for: @firebase/database-compat@2.1.6 want: 1.0.21
395 silly placeDep ROOT @firebase/webchannel-wrapper@1.0.6 OK for: @firebase/firestore@4.17.0 want: 1.0.6
396 silly placeDep ROOT @grpc/grpc-js@1.9.16 OK for: @firebase/firestore@4.17.0 want: ~1.9.0
397 silly placeDep ROOT @grpc/proto-loader@0.7.15 OK for: @firebase/firestore@4.17.0 want: ^0.7.8
398 silly placeDep ROOT re2js@2.8.6 OK for: @firebase/firestore@4.17.0 want: ^2.8.3
399 silly fetch manifest long@^5.0.0
400 silly packumentCache full:https://registry.npmjs.org/long cache-miss
401 silly fetch manifest yargs@^17.7.2
402 silly packumentCache full:https://registry.npmjs.org/yargs cache-miss
403 silly fetch manifest protobufjs@^7.2.5
404 silly packumentCache full:https://registry.npmjs.org/protobufjs cache-miss
405 silly fetch manifest lodash.camelcase@^4.3.0
406 silly packumentCache full:https://registry.npmjs.org/lodash.camelcase cache-miss
407 http fetch GET 200 https://registry.npmjs.org/long 487ms (cache miss)
408 silly packumentCache full:https://registry.npmjs.org/long set size:undefined disposed:false
409 http fetch GET 200 https://registry.npmjs.org/yargs 621ms (cache miss)
410 silly packumentCache full:https://registry.npmjs.org/yargs set size:undefined disposed:false
411 http fetch GET 200 https://registry.npmjs.org/protobufjs 676ms (cache miss)
412 silly packumentCache full:https://registry.npmjs.org/protobufjs set size:undefined disposed:false
413 http fetch GET 200 https://registry.npmjs.org/lodash.camelcase 729ms (cache miss)
414 silly packumentCache full:https://registry.npmjs.org/lodash.camelcase set size:undefined disposed:false
415 silly placeDep ROOT @firebase/firestore-types@3.0.4 OK for: @firebase/firestore-compat@0.4.12 want: 3.0.4
416 silly placeDep ROOT @firebase/messaging-interop-types@0.2.5 OK for: @firebase/functions@0.13.6 want: 0.2.5
417 silly placeDep ROOT @firebase/functions-types@0.6.4 OK for: @firebase/functions-compat@0.4.6 want: 0.6.4
418 silly placeDep ROOT @firebase/installations-types@0.5.4 OK for: @firebase/installations-compat@0.2.23 want: 0.5.4
419 silly placeDep ROOT web-vitals@4.2.4 OK for: @firebase/performance@0.7.13 want: ^4.2.4
420 silly placeDep ROOT @firebase/performance-types@0.2.4 OK for: @firebase/performance-compat@0.2.26 want: 0.2.4
421 silly placeDep ROOT @firebase/remote-config-types@0.5.1 OK for: @firebase/remote-config-compat@0.2.28 want: 0.5.1
422 silly placeDep ROOT @firebase/storage-types@0.8.4 OK for: @firebase/storage-compat@0.4.4 want: 0.8.4
423 silly placeDep ROOT lodash.camelcase@4.3.0 OK for: @grpc/proto-loader@0.7.15 want: ^4.3.0
424 silly placeDep ROOT long@5.3.2 OK for: @grpc/proto-loader@0.7.15 want: ^5.0.0
425 silly placeDep ROOT protobufjs@7.6.5 OK for: @grpc/proto-loader@0.7.15 want: ^7.2.5
426 silly placeDep ROOT yargs@17.7.3 OK for: @grpc/proto-loader@0.7.15 want: ^17.7.2
427 silly fetch manifest @protobufjs/path@^1.1.2
428 silly packumentCache full:https://registry.npmjs.org/@protobufjs%2fpath cache-miss
429 silly fetch manifest @protobufjs/pool@^1.1.0
430 silly packumentCache full:https://registry.npmjs.org/@protobufjs%2fpool cache-miss
431 silly fetch manifest @protobufjs/utf8@^1.1.1
432 silly packumentCache full:https://registry.npmjs.org/@protobufjs%2futf8 cache-miss
433 silly fetch manifest @protobufjs/fetch@^1.1.1
434 silly packumentCache full:https://registry.npmjs.org/@protobufjs%2ffetch cache-miss
435 silly fetch manifest @protobufjs/float@^1.0.2
436 silly packumentCache full:https://registry.npmjs.org/@protobufjs%2ffloat cache-miss
437 silly fetch manifest @protobufjs/base64@^1.1.2
438 silly packumentCache full:https://registry.npmjs.org/@protobufjs%2fbase64 cache-miss
439 silly fetch manifest @protobufjs/codegen@^2.0.5
440 silly packumentCache full:https://registry.npmjs.org/@protobufjs%2fcodegen cache-miss
441 silly fetch manifest @protobufjs/aspromise@^1.1.2
442 silly packumentCache full:https://registry.npmjs.org/@protobufjs%2faspromise cache-miss
443 silly fetch manifest @protobufjs/eventemitter@^1.1.1
444 silly packumentCache full:https://registry.npmjs.org/@protobufjs%2feventemitter cache-miss
445 silly fetch manifest y18n@^5.0.5
446 silly packumentCache full:https://registry.npmjs.org/y18n cache-miss
447 silly fetch manifest cliui@^8.0.1
448 silly packumentCache full:https://registry.npmjs.org/cliui cache-miss
449 silly fetch manifest string-width@^4.2.3
450 silly packumentCache full:https://registry.npmjs.org/string-width cache-miss
451 silly fetch manifest yargs-parser@^21.1.1
452 silly packumentCache full:https://registry.npmjs.org/yargs-parser cache-miss
453 silly fetch manifest get-caller-file@^2.0.5
454 silly packumentCache full:https://registry.npmjs.org/get-caller-file cache-miss
455 silly fetch manifest require-directory@^2.1.1
456 silly packumentCache full:https://registry.npmjs.org/require-directory cache-miss
457 http fetch GET 200 https://registry.npmjs.org/@protobufjs%2fpath 517ms (cache miss)
458 silly packumentCache full:https://registry.npmjs.org/@protobufjs%2fpath set size:undefined disposed:false
459 http fetch GET 200 https://registry.npmjs.org/@protobufjs%2ffloat 514ms (cache miss)
460 silly packumentCache full:https://registry.npmjs.org/@protobufjs%2ffloat set size:undefined disposed:false
461 http fetch GET 200 https://registry.npmjs.org/@protobufjs%2fbase64 515ms (cache miss)
462 silly packumentCache full:https://registry.npmjs.org/@protobufjs%2fbase64 set size:undefined disposed:false
463 http fetch GET 200 https://registry.npmjs.org/@protobufjs%2feventemitter 513ms (cache miss)
464 silly packumentCache full:https://registry.npmjs.org/@protobufjs%2feventemitter set size:undefined disposed:false
465 http fetch GET 200 https://registry.npmjs.org/@protobufjs%2fpool 525ms (cache miss)
466 silly packumentCache full:https://registry.npmjs.org/@protobufjs%2fpool set size:undefined disposed:false
467 http fetch GET 200 https://registry.npmjs.org/@protobufjs%2fcodegen 521ms (cache miss)
468 silly packumentCache full:https://registry.npmjs.org/@protobufjs%2fcodegen set size:undefined disposed:false
469 http fetch GET 200 https://registry.npmjs.org/get-caller-file 515ms (cache miss)
470 silly packumentCache full:https://registry.npmjs.org/get-caller-file set size:undefined disposed:false
471 http fetch GET 200 https://registry.npmjs.org/y18n 528ms (cache miss)
472 silly packumentCache full:https://registry.npmjs.org/y18n set size:undefined disposed:false
473 http fetch GET 200 https://registry.npmjs.org/string-width 529ms (cache miss)
474 silly packumentCache full:https://registry.npmjs.org/string-width set size:undefined disposed:false
475 http fetch GET 200 https://registry.npmjs.org/cliui 535ms (cache miss)
476 silly packumentCache full:https://registry.npmjs.org/cliui set size:undefined disposed:false
477 http fetch GET 200 https://registry.npmjs.org/yargs-parser 636ms (cache miss)
478 silly packumentCache full:https://registry.npmjs.org/yargs-parser set size:undefined disposed:false
479 http fetch GET 200 https://registry.npmjs.org/@protobufjs%2futf8 741ms (cache miss)
480 silly packumentCache full:https://registry.npmjs.org/@protobufjs%2futf8 set size:undefined disposed:false
481 http fetch GET 200 https://registry.npmjs.org/@protobufjs%2ffetch 744ms (cache miss)
482 silly packumentCache full:https://registry.npmjs.org/@protobufjs%2ffetch set size:undefined disposed:false
483 http fetch GET 200 https://registry.npmjs.org/require-directory 731ms (cache miss)
484 silly packumentCache full:https://registry.npmjs.org/require-directory set size:undefined disposed:false
485 http fetch GET 200 https://registry.npmjs.org/@protobufjs%2faspromise 1153ms (cache miss)
486 silly packumentCache full:https://registry.npmjs.org/@protobufjs%2faspromise set size:undefined disposed:false
487 silly placeDep ROOT websocket-driver@0.7.5 OK for: faye-websocket@0.11.4 want: >=0.5.1
488 silly fetch manifest http-parser-js@>=0.5.1
489 silly packumentCache full:https://registry.npmjs.org/http-parser-js cache-miss
490 silly fetch manifest safe-buffer@>=5.1.0
491 silly packumentCache full:https://registry.npmjs.org/safe-buffer cache-miss
492 silly fetch manifest websocket-extensions@>=0.1.1
493 silly packumentCache full:https://registry.npmjs.org/websocket-extensions cache-miss
494 http fetch GET 200 https://registry.npmjs.org/safe-buffer 275ms (cache miss)
495 silly packumentCache full:https://registry.npmjs.org/safe-buffer set size:undefined disposed:false
496 http fetch GET 200 https://registry.npmjs.org/websocket-extensions 274ms (cache miss)
497 silly packumentCache full:https://registry.npmjs.org/websocket-extensions set size:undefined disposed:false
498 http fetch GET 200 https://registry.npmjs.org/http-parser-js 383ms (cache miss)
499 silly packumentCache full:https://registry.npmjs.org/http-parser-js set size:undefined disposed:false
500 silly placeDep ROOT @fastify/busboy@3.2.1 OK for: firebase-admin@13.10.0 want: ^3.0.0
501 silly placeDep ROOT @google-cloud/firestore@7.11.6 OK for: firebase-admin@13.10.0 want: ^7.11.0
502 silly placeDep ROOT @google-cloud/storage@7.22.0 OK for: firebase-admin@13.10.0 want: ^7.19.0
503 silly placeDep ROOT farmhash-modern@1.1.0 OK for: firebase-admin@13.10.0 want: ^1.1.0
504 silly placeDep ROOT google-auth-library@10.9.1 OK for: firebase-admin@13.10.0 want: ^10.6.1
505 silly placeDep ROOT jsonwebtoken@9.0.3 OK for: firebase-admin@13.10.0 want: ^9.0.0
506 silly placeDep ROOT jwks-rsa@3.2.2 OK for: firebase-admin@13.10.0 want: ^3.1.0
507 silly fetch manifest google-gax@^4.3.3
508 silly packumentCache full:https://registry.npmjs.org/google-gax cache-miss
509 silly fetch manifest @opentelemetry/api@^1.3.0
510 silly packumentCache full:https://registry.npmjs.org/@opentelemetry%2fapi cache-miss
511 silly fetch manifest functional-red-black-tree@^1.0.1
512 silly packumentCache full:https://registry.npmjs.org/functional-red-black-tree cache-miss
513 silly fetch manifest mime@^3.0.0
514 silly packumentCache full:https://registry.npmjs.org/mime cache-miss
515 silly fetch manifest gaxios@^6.0.2
516 silly packumentCache full:https://registry.npmjs.org/gaxios cache-miss
517 silly fetch manifest duplexify@^4.1.3
518 silly packumentCache full:https://registry.npmjs.org/duplexify cache-miss
519 silly fetch manifest async-retry@^1.3.3
520 silly packumentCache full:https://registry.npmjs.org/async-retry cache-miss
521 silly fetch manifest html-entities@^2.5.2
522 silly packumentCache full:https://registry.npmjs.org/html-entities cache-miss
523 silly fetch manifest retry-request@^7.0.0
524 silly packumentCache full:https://registry.npmjs.org/retry-request cache-miss
525 silly fetch manifest teeny-request@^9.0.0
526 silly packumentCache full:https://registry.npmjs.org/teeny-request cache-miss
527 silly fetch manifest fast-xml-parser@^5.3.4
528 silly packumentCache full:https://registry.npmjs.org/fast-xml-parser cache-miss
529 silly fetch manifest abort-controller@^3.0.0
530 silly packumentCache full:https://registry.npmjs.org/abort-controller cache-miss
531 silly fetch manifest google-auth-library@^9.6.3
532 silly packumentCache full:https://registry.npmjs.org/google-auth-library cache-miss
533 silly fetch manifest @google-cloud/paginator@^5.0.0
534 silly packumentCache full:https://registry.npmjs.org/@google-cloud%2fpaginator cache-miss
535 silly fetch manifest @google-cloud/promisify@<4.1.0
536 silly packumentCache full:https://registry.npmjs.org/@google-cloud%2fpromisify cache-miss
537 http cache https://registry.npmjs.org/google-auth-library 40ms (cache hit)
538 silly packumentCache full:https://registry.npmjs.org/google-auth-library set size:745018 disposed:false
539 silly fetch manifest @google-cloud/projectify@^4.0.0
540 silly packumentCache full:https://registry.npmjs.org/@google-cloud%2fprojectify cache-miss
541 http fetch GET 200 https://registry.npmjs.org/mime 178ms (cache miss)
542 silly packumentCache full:https://registry.npmjs.org/mime set size:undefined disposed:false
543 silly fetch manifest jws@^4.0.0
544 silly packumentCache full:https://registry.npmjs.org/jws cache-miss
545 http fetch GET 200 https://registry.npmjs.org/abort-controller 178ms (cache miss)
546 silly packumentCache full:https://registry.npmjs.org/abort-controller set size:undefined disposed:false
547 silly fetch manifest gaxios@^7.1.4
548 silly packumentCache full:https://registry.npmjs.org/gaxios cache-miss
549 http fetch GET 200 https://registry.npmjs.org/@opentelemetry%2fapi 215ms (cache revalidated)
550 silly packumentCache full:https://registry.npmjs.org/@opentelemetry%2fapi set size:272967 disposed:false
551 silly fetch manifest gcp-metadata@8.1.2
552 silly packumentCache full:https://registry.npmjs.org/gcp-metadata cache-miss
553 http fetch GET 200 https://registry.npmjs.org/functional-red-black-tree 371ms (cache miss)
554 silly packumentCache full:https://registry.npmjs.org/functional-red-black-tree set size:undefined disposed:false
555 silly fetch manifest ecdsa-sig-formatter@^1.0.11
556 silly packumentCache full:https://registry.npmjs.org/ecdsa-sig-formatter cache-miss
557 http fetch GET 200 https://registry.npmjs.org/gcp-metadata 159ms (cache miss)
558 silly packumentCache full:https://registry.npmjs.org/gcp-metadata set size:undefined disposed:false
559 silly fetch manifest google-logging-utils@1.1.3
560 silly packumentCache full:https://registry.npmjs.org/google-logging-utils cache-miss
561 http fetch GET 200 https://registry.npmjs.org/duplexify 400ms (cache miss)
562 silly packumentCache full:https://registry.npmjs.org/duplexify set size:undefined disposed:false
563 silly fetch manifest jws@^4.0.1
564 silly packumentCache full:https://registry.npmjs.org/jws cache-miss
565 http fetch GET 200 https://registry.npmjs.org/async-retry 448ms (cache miss)
566 silly packumentCache full:https://registry.npmjs.org/async-retry set size:undefined disposed:false
567 silly fetch manifest semver@^7.5.4
568 silly packumentCache full:https://registry.npmjs.org/semver cache-miss
569 http fetch GET 200 https://registry.npmjs.org/html-entities 452ms (cache miss)
570 silly packumentCache full:https://registry.npmjs.org/html-entities set size:undefined disposed:false
571 silly fetch manifest lodash.once@^4.0.0
572 silly packumentCache full:https://registry.npmjs.org/lodash.once cache-miss
573 http fetch GET 200 https://registry.npmjs.org/retry-request 493ms (cache miss)
574 silly packumentCache full:https://registry.npmjs.org/retry-request set size:undefined disposed:false
575 silly fetch manifest lodash.includes@^4.3.0
576 silly packumentCache full:https://registry.npmjs.org/lodash.includes cache-miss
577 http fetch GET 200 https://registry.npmjs.org/ecdsa-sig-formatter 138ms (cache miss)
578 silly packumentCache full:https://registry.npmjs.org/ecdsa-sig-formatter set size:undefined disposed:false
579 silly fetch manifest lodash.isnumber@^3.0.3
580 silly packumentCache full:https://registry.npmjs.org/lodash.isnumber cache-miss
581 http fetch GET 200 https://registry.npmjs.org/gaxios 522ms (cache miss)
582 silly packumentCache full:https://registry.npmjs.org/gaxios set size:undefined disposed:false
583 silly fetch manifest lodash.isstring@^4.0.1
584 silly packumentCache full:https://registry.npmjs.org/lodash.isstring cache-miss
585 http fetch GET 200 https://registry.npmjs.org/fast-xml-parser 530ms (cache miss)
586 silly packumentCache full:https://registry.npmjs.org/fast-xml-parser set size:undefined disposed:false
587 silly fetch manifest lodash.isboolean@^3.0.3
588 silly packumentCache full:https://registry.npmjs.org/lodash.isboolean cache-miss
589 http fetch GET 200 https://registry.npmjs.org/teeny-request 547ms (cache miss)
590 silly packumentCache full:https://registry.npmjs.org/teeny-request set size:undefined disposed:false
591 silly fetch manifest lodash.isinteger@^4.0.4
592 silly packumentCache full:https://registry.npmjs.org/lodash.isinteger cache-miss
593 http fetch GET 200 https://registry.npmjs.org/gaxios 373ms (cache miss)
594 silly packumentCache full:https://registry.npmjs.org/gaxios set size:undefined disposed:false
595 silly fetch manifest lodash.isplainobject@^4.0.6
596 silly packumentCache full:https://registry.npmjs.org/lodash.isplainobject cache-miss
597 http fetch GET 200 https://registry.npmjs.org/jws 199ms (cache miss)
598 silly packumentCache full:https://registry.npmjs.org/jws set size:undefined disposed:false
599 silly fetch manifest jose@^4.15.4
600 silly packumentCache full:https://registry.npmjs.org/jose cache-miss
601 http fetch GET 200 https://registry.npmjs.org/jws 432ms (cache miss)
602 silly packumentCache full:https://registry.npmjs.org/jws set size:undefined disposed:false
603 silly fetch manifest limiter@^1.1.5
604 silly packumentCache full:https://registry.npmjs.org/limiter cache-miss
605 http fetch GET 200 https://registry.npmjs.org/semver 169ms (cache revalidated)
606 silly packumentCache full:https://registry.npmjs.org/semver set size:246069 disposed:false
607 silly fetch manifest lru-memoizer@^2.2.0
608 silly packumentCache full:https://registry.npmjs.org/lru-memoizer cache-miss
609 http fetch GET 200 https://registry.npmjs.org/lodash.isboolean 103ms (cache miss)
610 silly packumentCache full:https://registry.npmjs.org/lodash.isboolean set size:undefined disposed:false
611 silly fetch manifest @types/jsonwebtoken@^9.0.4
612 silly packumentCache full:https://registry.npmjs.org/@types%2fjsonwebtoken cache-miss
613 http fetch GET 200 https://registry.npmjs.org/lodash.isinteger 98ms (cache miss)
614 silly packumentCache full:https://registry.npmjs.org/lodash.isinteger set size:undefined disposed:false
615 http fetch GET 200 https://registry.npmjs.org/lodash.isplainobject 119ms (cache miss)
616 silly packumentCache full:https://registry.npmjs.org/lodash.isplainobject set size:undefined disposed:false
617 http fetch GET 200 https://registry.npmjs.org/google-logging-utils 349ms (cache miss)
618 silly packumentCache full:https://registry.npmjs.org/google-logging-utils set size:undefined disposed:false
619 http fetch GET 200 https://registry.npmjs.org/google-gax 811ms (cache miss)
620 silly packumentCache full:https://registry.npmjs.org/google-gax set size:undefined disposed:false
621 http fetch GET 200 https://registry.npmjs.org/lodash.includes 382ms (cache miss)
622 silly packumentCache full:https://registry.npmjs.org/lodash.includes set size:undefined disposed:false
623 http fetch GET 200 https://registry.npmjs.org/lodash.once 437ms (cache miss)
624 silly packumentCache full:https://registry.npmjs.org/lodash.once set size:undefined disposed:false
625 http fetch GET 200 https://registry.npmjs.org/lodash.isnumber 392ms (cache miss)
626 silly packumentCache full:https://registry.npmjs.org/lodash.isnumber set size:undefined disposed:false
627 http fetch GET 200 https://registry.npmjs.org/@google-cloud%2fpromisify 899ms (cache miss)
628 silly packumentCache full:https://registry.npmjs.org/@google-cloud%2fpromisify set size:undefined disposed:false
629 http fetch GET 200 https://registry.npmjs.org/@google-cloud%2fpaginator 915ms (cache miss)
630 silly packumentCache full:https://registry.npmjs.org/@google-cloud%2fpaginator set size:undefined disposed:false
631 http fetch GET 200 https://registry.npmjs.org/lodash.isstring 405ms (cache miss)
632 silly packumentCache full:https://registry.npmjs.org/lodash.isstring set size:undefined disposed:false
633 http fetch GET 200 https://registry.npmjs.org/@google-cloud%2fprojectify 881ms (cache miss)
634 silly packumentCache full:https://registry.npmjs.org/@google-cloud%2fprojectify set size:undefined disposed:false
635 http fetch GET 200 https://registry.npmjs.org/limiter 375ms (cache miss)
636 silly packumentCache full:https://registry.npmjs.org/limiter set size:undefined disposed:false
637 http fetch GET 200 https://registry.npmjs.org/lru-memoizer 383ms (cache miss)
638 silly packumentCache full:https://registry.npmjs.org/lru-memoizer set size:undefined disposed:false
639 http fetch GET 200 https://registry.npmjs.org/jose 449ms (cache miss)
640 silly packumentCache full:https://registry.npmjs.org/jose set size:undefined disposed:false
641 http fetch GET 200 https://registry.npmjs.org/@types%2fjsonwebtoken 444ms (cache miss)
642 silly packumentCache full:https://registry.npmjs.org/@types%2fjsonwebtoken set size:undefined disposed:false
643 silly placeDep ROOT @opentelemetry/api@1.9.1 OK for: @google-cloud/firestore@7.11.6 want: ^1.3.0
644 silly placeDep ROOT functional-red-black-tree@1.0.1 OK for: @google-cloud/firestore@7.11.6 want: ^1.0.1
645 silly placeDep ROOT google-gax@4.6.1 OK for: @google-cloud/firestore@7.11.6 want: ^4.3.3
646 silly fetch manifest uuid@^9.0.1
647 silly packumentCache full:https://registry.npmjs.org/uuid cache-miss
648 silly fetch manifest duplexify@^4.0.0
649 silly packumentCache full:https://registry.npmjs.org/duplexify cache-miss
650 silly fetch manifest node-fetch@^2.7.0
651 silly packumentCache full:https://registry.npmjs.org/node-fetch cache-miss
652 silly fetch manifest @types/long@^4.0.0
653 silly packumentCache full:https://registry.npmjs.org/@types%2flong cache-miss
654 silly fetch manifest object-hash@^3.0.0
655 silly packumentCache full:https://registry.npmjs.org/object-hash cache-miss
656 silly fetch manifest @grpc/grpc-js@^1.10.9
657 silly packumentCache full:https://registry.npmjs.org/@grpc%2fgrpc-js cache-miss
658 silly fetch manifest google-auth-library@^9.3.0
659 silly packumentCache full:https://registry.npmjs.org/google-auth-library cache-hit
660 silly fetch manifest proto3-json-serializer@^2.0.2
661 silly packumentCache full:https://registry.npmjs.org/proto3-json-serializer cache-miss
662 http cache https://registry.npmjs.org/duplexify 33ms (cache hit)
663 silly packumentCache full:https://registry.npmjs.org/duplexify set size:73064 disposed:false
664 http cache https://registry.npmjs.org/@grpc%2fgrpc-js 32ms (cache hit)
665 silly packumentCache full:https://registry.npmjs.org/@grpc%2fgrpc-js set size:674221 disposed:false
666 http fetch GET 200 https://registry.npmjs.org/@types%2flong 118ms (cache miss)
667 silly packumentCache full:https://registry.npmjs.org/@types%2flong set size:undefined disposed:false
668 http fetch GET 200 https://registry.npmjs.org/object-hash 150ms (cache miss)
669 silly packumentCache full:https://registry.npmjs.org/object-hash set size:undefined disposed:false
670 http fetch GET 200 https://registry.npmjs.org/uuid 178ms (cache miss)
671 silly packumentCache full:https://registry.npmjs.org/uuid set size:undefined disposed:false
672 http fetch GET 200 https://registry.npmjs.org/node-fetch 360ms (cache miss)
673 silly packumentCache full:https://registry.npmjs.org/node-fetch set size:undefined disposed:false
674 http fetch GET 200 https://registry.npmjs.org/proto3-json-serializer 375ms (cache miss)
675 silly packumentCache full:https://registry.npmjs.org/proto3-json-serializer set size:undefined disposed:false
676 silly placeDep ROOT @google-cloud/paginator@5.0.2 OK for: @google-cloud/storage@7.22.0 want: ^5.0.0
677 silly placeDep ROOT @google-cloud/projectify@4.0.0 OK for: @google-cloud/storage@7.22.0 want: ^4.0.0
678 silly placeDep ROOT @google-cloud/promisify@4.0.0 OK for: @google-cloud/storage@7.22.0 want: <4.1.0
679 silly placeDep ROOT abort-controller@3.0.0 OK for: @google-cloud/storage@7.22.0 want: ^3.0.0
680 silly placeDep ROOT async-retry@1.3.3 OK for: @google-cloud/storage@7.22.0 want: ^1.3.3
681 silly placeDep ROOT duplexify@4.1.3 OK for: @google-cloud/storage@7.22.0 want: ^4.1.3
682 silly placeDep ROOT fast-xml-parser@5.10.1 OK for: @google-cloud/storage@7.22.0 want: ^5.3.4
683 silly placeDep ROOT gaxios@6.7.1 OK for: @google-cloud/storage@7.22.0 want: ^6.0.2
684 silly placeDep node_modules/@google-cloud/storage google-auth-library@9.15.1 OK for: @google-cloud/storage@7.22.0 want: ^9.6.3
685 silly placeDep ROOT html-entities@2.6.0 OK for: @google-cloud/storage@7.22.0 want: ^2.5.2
686 silly placeDep ROOT mime@3.0.0 OK for: @google-cloud/storage@7.22.0 want: ^3.0.0
687 silly placeDep ROOT retry-request@7.0.2 OK for: @google-cloud/storage@7.22.0 want: ^7.0.0
688 silly placeDep ROOT teeny-request@9.0.0 OK for: @google-cloud/storage@7.22.0 want: ^9.0.0
689 silly fetch manifest arrify@^2.0.0
690 silly packumentCache full:https://registry.npmjs.org/arrify cache-miss
691 silly fetch manifest extend@^3.0.2
692 silly packumentCache full:https://registry.npmjs.org/extend cache-miss
693 silly fetch manifest event-target-shim@^5.0.0
694 silly packumentCache full:https://registry.npmjs.org/event-target-shim cache-miss
695 silly fetch manifest retry@0.13.1
696 silly packumentCache full:https://registry.npmjs.org/retry cache-miss
697 silly fetch manifest end-of-stream@^1.4.1
698 silly packumentCache full:https://registry.npmjs.org/end-of-stream cache-miss
699 silly fetch manifest inherits@^2.0.3
700 silly packumentCache full:https://registry.npmjs.org/inherits cache-miss
701 silly fetch manifest readable-stream@^3.1.1
702 silly packumentCache full:https://registry.npmjs.org/readable-stream cache-miss
703 silly fetch manifest stream-shift@^1.0.2
704 silly packumentCache full:https://registry.npmjs.org/stream-shift cache-miss
705 silly fetch manifest @nodable/entities@^3.0.0
706 silly packumentCache full:https://registry.npmjs.org/@nodable%2fentities cache-miss
707 silly fetch manifest fast-xml-builder@^1.2.0
708 silly packumentCache full:https://registry.npmjs.org/fast-xml-builder cache-miss
709 silly fetch manifest is-unsafe@^2.0.0
710 silly packumentCache full:https://registry.npmjs.org/is-unsafe cache-miss
711 silly fetch manifest path-expression-matcher@^1.6.2
712 silly packumentCache full:https://registry.npmjs.org/path-expression-matcher cache-miss
713 silly fetch manifest strnum@^2.4.1
714 silly packumentCache full:https://registry.npmjs.org/strnum cache-miss
715 silly fetch manifest xml-naming@^0.3.0
716 silly packumentCache full:https://registry.npmjs.org/xml-naming cache-miss
717 silly fetch manifest extend@^3.0.2
718 silly packumentCache full:https://registry.npmjs.org/extend cache-miss
719 http fetch GET 200 https://registry.npmjs.org/arrify 148ms (cache miss)
720 silly packumentCache full:https://registry.npmjs.org/arrify set size:undefined disposed:false
721 silly fetch manifest is-stream@^2.0.0
722 silly packumentCache full:https://registry.npmjs.org/is-stream cache-miss
723 http fetch GET 200 https://registry.npmjs.org/end-of-stream 147ms (cache miss)
724 silly packumentCache full:https://registry.npmjs.org/end-of-stream set size:undefined disposed:false
725 silly fetch manifest node-fetch@^2.6.9
726 silly packumentCache full:https://registry.npmjs.org/node-fetch cache-miss
727 http fetch GET 200 https://registry.npmjs.org/retry 159ms (cache miss)
728 silly packumentCache full:https://registry.npmjs.org/retry set size:undefined disposed:false
729 silly fetch manifest https-proxy-agent@^7.0.1
730 silly packumentCache full:https://registry.npmjs.org/https-proxy-agent cache-miss
731 http fetch GET 200 https://registry.npmjs.org/inherits 175ms (cache miss)
732 silly packumentCache full:https://registry.npmjs.org/inherits set size:undefined disposed:false
733 silly fetch manifest gtoken@^7.0.0
734 silly packumentCache full:https://registry.npmjs.org/gtoken cache-miss
735 http cache https://registry.npmjs.org/node-fetch 31ms (cache hit)
736 silly packumentCache full:https://registry.npmjs.org/node-fetch set size:896010 disposed:false
737 silly fetch manifest gcp-metadata@^6.1.0
738 silly packumentCache full:https://registry.npmjs.org/gcp-metadata cache-miss
739 http cache https://registry.npmjs.org/gcp-metadata 10ms (cache hit)
740 silly packumentCache full:https://registry.npmjs.org/gcp-metadata set size:210123 disposed:false
741 silly fetch manifest extend@^3.0.2
742 silly packumentCache full:https://registry.npmjs.org/extend cache-miss
743 http fetch GET 200 https://registry.npmjs.org/is-stream 116ms (cache miss)
744 silly packumentCache full:https://registry.npmjs.org/is-stream set size:undefined disposed:false
745 silly fetch manifest @types/request@^2.48.8
746 silly packumentCache full:https://registry.npmjs.org/@types%2frequest cache-miss
747 http fetch GET 200 https://registry.npmjs.org/https-proxy-agent 116ms (cache miss)
748 silly packumentCache full:https://registry.npmjs.org/https-proxy-agent set size:undefined disposed:false
749 silly fetch manifest uuid@^9.0.0
750 silly packumentCache full:https://registry.npmjs.org/uuid cache-miss
751 http cache https://registry.npmjs.org/uuid 10ms (cache hit)
752 silly packumentCache full:https://registry.npmjs.org/uuid set size:256419 disposed:false
753 silly fetch manifest stream-events@^1.0.5
754 silly packumentCache full:https://registry.npmjs.org/stream-events cache-miss
755 http fetch GET 200 https://registry.npmjs.org/fast-xml-builder 416ms (cache miss)
756 silly packumentCache full:https://registry.npmjs.org/fast-xml-builder set size:undefined disposed:false
757 silly fetch manifest http-proxy-agent@^5.0.0
758 silly packumentCache full:https://registry.npmjs.org/http-proxy-agent cache-miss
759 http fetch GET 200 https://registry.npmjs.org/is-unsafe 420ms (cache miss)
760 silly packumentCache full:https://registry.npmjs.org/is-unsafe set size:undefined disposed:false
761 silly fetch manifest https-proxy-agent@^5.0.0
762 silly packumentCache full:https://registry.npmjs.org/https-proxy-agent cache-miss
763 http fetch GET 200 https://registry.npmjs.org/stream-shift 444ms (cache miss)
764 silly packumentCache full:https://registry.npmjs.org/stream-shift set size:undefined disposed:false
765 http fetch GET 200 https://registry.npmjs.org/path-expression-matcher 443ms (cache miss)
766 silly packumentCache full:https://registry.npmjs.org/path-expression-matcher set size:undefined disposed:false
767 http fetch GET 200 https://registry.npmjs.org/extend 461ms (cache miss)
768 silly packumentCache full:https://registry.npmjs.org/extend set size:undefined disposed:false
769 http fetch GET 200 https://registry.npmjs.org/xml-naming 476ms (cache miss)
770 silly packumentCache full:https://registry.npmjs.org/xml-naming set size:undefined disposed:false
771 http fetch GET 200 https://registry.npmjs.org/strnum 486ms (cache miss)
772 silly packumentCache full:https://registry.npmjs.org/strnum set size:undefined disposed:false
773 http cache https://registry.npmjs.org/https-proxy-agent 70ms (cache hit)
774 silly packumentCache full:https://registry.npmjs.org/https-proxy-agent set size:83792 disposed:false
775 http fetch GET 200 https://registry.npmjs.org/event-target-shim 512ms (cache miss)
776 silly packumentCache full:https://registry.npmjs.org/event-target-shim set size:undefined disposed:false
777 http fetch GET 200 https://registry.npmjs.org/extend 307ms (cache miss)
778 silly packumentCache full:https://registry.npmjs.org/extend set size:undefined disposed:false
779 http fetch GET 200 https://registry.npmjs.org/readable-stream 515ms (cache miss)
780 silly packumentCache full:https://registry.npmjs.org/readable-stream set size:undefined disposed:false
781 http fetch GET 200 https://registry.npmjs.org/extend 527ms (cache miss)
782 silly packumentCache full:https://registry.npmjs.org/extend set size:undefined disposed:false
783 http fetch GET 200 https://registry.npmjs.org/http-proxy-agent 113ms (cache miss)
784 silly packumentCache full:https://registry.npmjs.org/http-proxy-agent set size:undefined disposed:false
785 http fetch GET 200 https://registry.npmjs.org/gtoken 433ms (cache miss)
786 silly packumentCache full:https://registry.npmjs.org/gtoken set size:undefined disposed:false
787 http fetch GET 200 https://registry.npmjs.org/stream-events 367ms (cache miss)
788 silly packumentCache full:https://registry.npmjs.org/stream-events set size:undefined disposed:false
789 http fetch GET 200 https://registry.npmjs.org/@nodable%2fentities 840ms (cache miss)
790 silly packumentCache full:https://registry.npmjs.org/@nodable%2fentities set size:undefined disposed:false
791 http fetch GET 200 https://registry.npmjs.org/@types%2frequest 701ms (cache miss)
792 silly packumentCache full:https://registry.npmjs.org/@types%2frequest set size:undefined disposed:false
793 silly placeDep ROOT arrify@2.0.1 OK for: @google-cloud/paginator@5.0.2 want: ^2.0.0
794 silly placeDep ROOT extend@3.0.2 OK for: @google-cloud/paginator@5.0.2 want: ^3.0.2
795 silly placeDep ROOT event-target-shim@5.0.1 OK for: abort-controller@3.0.0 want: ^5.0.0
796 silly placeDep ROOT retry@0.13.1 OK for: async-retry@1.3.3 want: 0.13.1
797 silly placeDep ROOT end-of-stream@1.4.5 OK for: duplexify@4.1.3 want: ^1.4.1
798 silly placeDep ROOT inherits@2.0.4 OK for: duplexify@4.1.3 want: ^2.0.3
799 silly placeDep ROOT readable-stream@3.6.2 OK for: duplexify@4.1.3 want: ^3.1.1
800 silly placeDep ROOT stream-shift@1.0.3 OK for: duplexify@4.1.3 want: ^1.0.2
801 silly fetch manifest once@^1.4.0
802 silly packumentCache full:https://registry.npmjs.org/once cache-miss
803 silly fetch manifest string_decoder@^1.1.1
804 silly packumentCache full:https://registry.npmjs.org/string_decoder cache-miss
805 silly fetch manifest util-deprecate@^1.0.1
806 silly packumentCache full:https://registry.npmjs.org/util-deprecate cache-miss
807 http fetch GET 200 https://registry.npmjs.org/once 114ms (cache miss)
808 silly packumentCache full:https://registry.npmjs.org/once set size:undefined disposed:false
809 http fetch GET 200 https://registry.npmjs.org/util-deprecate 115ms (cache miss)
810 silly packumentCache full:https://registry.npmjs.org/util-deprecate set size:undefined disposed:false
811 http fetch GET 200 https://registry.npmjs.org/string_decoder 119ms (cache miss)
812 silly packumentCache full:https://registry.npmjs.org/string_decoder set size:undefined disposed:false
813 silly placeDep ROOT once@1.4.0 OK for: end-of-stream@1.4.5 want: ^1.4.0
814 silly fetch manifest wrappy@1
815 silly packumentCache full:https://registry.npmjs.org/wrappy cache-miss
816 http fetch GET 200 https://registry.npmjs.org/wrappy 99ms (cache miss)
817 silly packumentCache full:https://registry.npmjs.org/wrappy set size:undefined disposed:false
818 silly placeDep ROOT @nodable/entities@3.0.0 OK for: fast-xml-parser@5.10.1 want: ^3.0.0
819 silly placeDep ROOT fast-xml-builder@1.3.1 OK for: fast-xml-parser@5.10.1 want: ^1.2.0
820 silly placeDep ROOT is-unsafe@2.0.0 OK for: fast-xml-parser@5.10.1 want: ^2.0.0
821 silly placeDep ROOT path-expression-matcher@1.6.2 OK for: fast-xml-parser@5.10.1 want: ^1.6.2
822 silly placeDep ROOT strnum@2.4.2 OK for: fast-xml-parser@5.10.1 want: ^2.4.1
823 silly placeDep ROOT xml-naming@0.3.0 OK for: fast-xml-parser@5.10.1 want: ^0.3.0
824 silly fetch manifest anynum@^1.0.1
825 silly packumentCache full:https://registry.npmjs.org/anynum cache-miss
826 http fetch GET 200 https://registry.npmjs.org/anynum 368ms (cache miss)
827 silly packumentCache full:https://registry.npmjs.org/anynum set size:undefined disposed:false
828 silly fetch manifest encoding@^0.1.0
829 silly packumentCache full:https://registry.npmjs.org/encoding cache-miss
830 http fetch GET 200 https://registry.npmjs.org/encoding 114ms (cache miss)
831 silly packumentCache full:https://registry.npmjs.org/encoding set size:undefined disposed:false
832 silly placeDep ROOT https-proxy-agent@7.0.6 OK for: gaxios@6.7.1 want: ^7.0.1
833 silly placeDep ROOT is-stream@2.0.1 OK for: gaxios@6.7.1 want: ^2.0.0
834 silly placeDep ROOT node-fetch@2.7.0 OK for: gaxios@6.7.1 want: ^2.6.9
835 silly placeDep ROOT uuid@9.0.1 OK for: gaxios@6.7.1 want: ^9.0.1
836 silly fetch manifest agent-base@^7.1.2
837 silly packumentCache full:https://registry.npmjs.org/agent-base cache-miss
838 silly fetch manifest whatwg-url@^5.0.0
839 silly packumentCache full:https://registry.npmjs.org/whatwg-url cache-miss
840 http fetch GET 200 https://registry.npmjs.org/agent-base 131ms (cache miss)
841 silly packumentCache full:https://registry.npmjs.org/agent-base set size:undefined disposed:false
842 http fetch GET 200 https://registry.npmjs.org/whatwg-url 149ms (cache miss)
843 silly packumentCache full:https://registry.npmjs.org/whatwg-url set size:undefined disposed:false
844 silly placeDep ROOT ecdsa-sig-formatter@1.0.11 OK for: google-auth-library@10.9.1 want: ^1.0.11
845 silly placeDep node_modules/google-auth-library gaxios@7.3.1 OK for: google-auth-library@10.9.1 want: ^7.1.4
846 silly placeDep ROOT gcp-metadata@8.1.2 OK for: google-auth-library@10.9.1 want: 8.1.2
847 silly placeDep ROOT google-logging-utils@1.1.3 OK for: google-auth-library@10.9.1 want: 1.1.3
848 silly placeDep ROOT jws@4.0.1 OK for: google-auth-library@10.9.1 want: ^4.0.0
849 silly fetch manifest safe-buffer@^5.0.1
850 silly packumentCache full:https://registry.npmjs.org/safe-buffer cache-miss
851 silly fetch manifest node-fetch@^3.3.2
852 silly packumentCache full:https://registry.npmjs.org/node-fetch cache-hit
853 silly fetch manifest gaxios@^7.0.0
854 silly packumentCache full:https://registry.npmjs.org/gaxios cache-miss
855 silly fetch manifest json-bigint@^1.0.0
856 silly packumentCache full:https://registry.npmjs.org/json-bigint cache-miss
857 silly fetch manifest google-logging-utils@^1.0.0
858 silly packumentCache full:https://registry.npmjs.org/google-logging-utils cache-miss
859 silly fetch manifest jwa@^2.0.1
860 silly packumentCache full:https://registry.npmjs.org/jwa cache-miss
861 silly fetch manifest safe-buffer@^5.0.1
862 silly packumentCache full:https://registry.npmjs.org/safe-buffer cache-miss
863 http cache https://registry.npmjs.org/safe-buffer 31ms (cache hit)
864 silly packumentCache full:https://registry.npmjs.org/safe-buffer set size:41183 disposed:false
865 http cache https://registry.npmjs.org/gaxios 31ms (cache hit)
866 silly packumentCache full:https://registry.npmjs.org/gaxios set size:363321 disposed:false
867 http cache https://registry.npmjs.org/google-logging-utils 35ms (cache hit)
868 silly packumentCache full:https://registry.npmjs.org/google-logging-utils set size:31146 disposed:false
869 http cache https://registry.npmjs.org/safe-buffer 31ms (cache hit)
870 silly packumentCache full:https://registry.npmjs.org/safe-buffer set size:41183 disposed:false
871 silly packumentCache full:https://registry.npmjs.org/safe-buffer dispose
872 http fetch GET 200 https://registry.npmjs.org/jwa 101ms (cache miss)
873 silly packumentCache full:https://registry.npmjs.org/jwa set size:undefined disposed:false
874 http fetch GET 200 https://registry.npmjs.org/json-bigint 404ms (cache miss)
875 silly packumentCache full:https://registry.npmjs.org/json-bigint set size:undefined disposed:false
876 silly placeDep ROOT safe-buffer@5.2.1 OK for: ecdsa-sig-formatter@1.0.11 want: ^5.0.1
877 silly placeDep node_modules/gcp-metadata gaxios@7.3.1 OK for: gcp-metadata@8.1.2 want: ^7.0.0
878 silly placeDep ROOT json-bigint@1.0.0 OK for: gcp-metadata@8.1.2 want: ^1.0.0
879 silly fetch manifest bignumber.js@^9.0.0
880 silly packumentCache full:https://registry.npmjs.org/bignumber.js cache-miss
881 http fetch GET 200 https://registry.npmjs.org/bignumber.js 418ms (cache miss)
882 silly packumentCache full:https://registry.npmjs.org/bignumber.js set size:undefined disposed:false
883 silly placeDep node_modules/google-gax @grpc/grpc-js@1.14.4 OK for: google-gax@4.6.1 want: ^1.10.9
884 silly placeDep ROOT @types/long@4.0.2 OK for: google-gax@4.6.1 want: ^4.0.0
885 silly placeDep node_modules/google-gax google-auth-library@9.15.1 OK for: google-gax@4.6.1 want: ^9.3.0
886 silly placeDep ROOT object-hash@3.0.0 OK for: google-gax@4.6.1 want: ^3.0.0
887 silly placeDep ROOT proto3-json-serializer@2.0.2 OK for: google-gax@4.6.1 want: ^2.0.2
888 silly fetch manifest @grpc/proto-loader@^0.8.0
889 silly packumentCache full:https://registry.npmjs.org/@grpc%2fproto-loader cache-miss
890 silly fetch manifest @js-sdsl/ordered-map@^4.4.2
891 silly packumentCache full:https://registry.npmjs.org/@js-sdsl%2fordered-map cache-miss
892 http cache https://registry.npmjs.org/@grpc%2fproto-loader 16ms (cache hit)
893 silly packumentCache full:https://registry.npmjs.org/@grpc%2fproto-loader set size:218355 disposed:false
894 http fetch GET 200 https://registry.npmjs.org/@js-sdsl%2fordered-map 797ms (cache miss)
895 silly packumentCache full:https://registry.npmjs.org/@js-sdsl%2fordered-map set size:undefined disposed:false
896 silly placeDep ROOT agent-base@7.1.4 OK for: https-proxy-agent@7.0.6 want: ^7.1.2
897 silly placeDep ROOT bignumber.js@9.3.1 OK for: json-bigint@1.0.0 want: ^9.0.0
898 silly placeDep ROOT lodash.includes@4.3.0 OK for: jsonwebtoken@9.0.3 want: ^4.3.0
899 silly placeDep ROOT lodash.isboolean@3.0.3 OK for: jsonwebtoken@9.0.3 want: ^3.0.3
900 silly placeDep ROOT lodash.isinteger@4.0.4 OK for: jsonwebtoken@9.0.3 want: ^4.0.4
901 silly placeDep ROOT lodash.isnumber@3.0.3 OK for: jsonwebtoken@9.0.3 want: ^3.0.3
902 silly placeDep ROOT lodash.isplainobject@4.0.6 OK for: jsonwebtoken@9.0.3 want: ^4.0.6
903 silly placeDep ROOT lodash.isstring@4.0.1 OK for: jsonwebtoken@9.0.3 want: ^4.0.1
904 silly placeDep ROOT lodash.once@4.1.1 OK for: jsonwebtoken@9.0.3 want: ^4.0.0
905 silly placeDep node_modules/jsonwebtoken semver@7.8.5 OK for: jsonwebtoken@9.0.3 want: ^7.5.4
906 silly placeDep ROOT @types/jsonwebtoken@9.0.10 OK for: jwks-rsa@3.2.2 want: ^9.0.4
907 silly placeDep ROOT jose@4.15.9 OK for: jwks-rsa@3.2.2 want: ^4.15.4
908 silly placeDep ROOT limiter@1.1.5 OK for: jwks-rsa@3.2.2 want: ^1.1.5
909 silly placeDep ROOT lru-memoizer@2.3.0 OK for: jwks-rsa@3.2.2 want: ^2.2.0
910 silly fetch manifest @types/ms@*
911 silly packumentCache full:https://registry.npmjs.org/@types%2fms cache-miss
912 silly fetch manifest lru-cache@6.0.0
913 silly packumentCache full:https://registry.npmjs.org/lru-cache cache-miss
914 silly fetch manifest lodash.clonedeep@^4.5.0
915 silly packumentCache full:https://registry.npmjs.org/lodash.clonedeep cache-miss
916 http fetch GET 200 https://registry.npmjs.org/@types%2fms 118ms (cache miss)
917 silly packumentCache full:https://registry.npmjs.org/@types%2fms set size:undefined disposed:false
918 http fetch GET 200 https://registry.npmjs.org/lru-cache 173ms (cache revalidated)
919 silly packumentCache full:https://registry.npmjs.org/lru-cache set size:460407 disposed:false
920 http fetch GET 200 https://registry.npmjs.org/lodash.clonedeep 423ms (cache miss)
921 silly packumentCache full:https://registry.npmjs.org/lodash.clonedeep set size:undefined disposed:false
922 silly placeDep ROOT @types/ms@2.1.0 OK for: @types/jsonwebtoken@9.0.10 want: *
923 silly placeDep ROOT jwa@2.0.1 OK for: jws@4.0.1 want: ^2.0.1
924 silly fetch manifest buffer-equal-constant-time@^1.0.1
925 silly packumentCache full:https://registry.npmjs.org/buffer-equal-constant-time cache-miss
926 http fetch GET 200 https://registry.npmjs.org/buffer-equal-constant-time 1578ms (cache miss)
927 silly packumentCache full:https://registry.npmjs.org/buffer-equal-constant-time set size:undefined disposed:false
928 silly placeDep ROOT buffer-equal-constant-time@1.0.1 OK for: jwa@2.0.1 want: ^1.0.1
929 silly placeDep ROOT lodash.clonedeep@4.5.0 OK for: lru-memoizer@2.3.0 want: ^4.5.0
930 silly placeDep node_modules/lru-memoizer lru-cache@6.0.0 OK for: lru-memoizer@2.3.0 want: 6.0.0
931 silly fetch manifest yallist@^4.0.0
932 silly packumentCache full:https://registry.npmjs.org/yallist cache-miss
933 http fetch GET 200 https://registry.npmjs.org/yallist 1469ms (cache revalidated)
934 silly packumentCache full:https://registry.npmjs.org/yallist set size:34610 disposed:false
935 silly placeDep ROOT whatwg-url@5.0.0 OK for: node-fetch@2.7.0 want: ^5.0.0
936 silly fetch manifest tr46@~0.0.3
937 silly packumentCache full:https://registry.npmjs.org/tr46 cache-miss
938 silly fetch manifest webidl-conversions@^3.0.0
939 silly packumentCache full:https://registry.npmjs.org/webidl-conversions cache-miss
940 http fetch GET 200 https://registry.npmjs.org/tr46 1397ms (cache miss)
941 silly packumentCache full:https://registry.npmjs.org/tr46 set size:undefined disposed:false
942 http fetch GET 200 https://registry.npmjs.org/webidl-conversions 1406ms (cache miss)
943 silly packumentCache full:https://registry.npmjs.org/webidl-conversions set size:undefined disposed:false
944 silly placeDep ROOT wrappy@1.0.2 OK for: once@1.4.0 want: 1
945 silly placeDep ROOT @protobufjs/aspromise@1.1.2 OK for: protobufjs@7.6.5 want: ^1.1.2
946 silly placeDep ROOT @protobufjs/base64@1.1.2 OK for: protobufjs@7.6.5 want: ^1.1.2
947 silly placeDep ROOT @protobufjs/codegen@2.0.5 OK for: protobufjs@7.6.5 want: ^2.0.5
948 silly placeDep ROOT @protobufjs/eventemitter@1.1.1 OK for: protobufjs@7.6.5 want: ^1.1.1
949 silly placeDep ROOT @protobufjs/fetch@1.1.1 OK for: protobufjs@7.6.5 want: ^1.1.1
950 silly placeDep ROOT @protobufjs/float@1.0.2 OK for: protobufjs@7.6.5 want: ^1.0.2
951 silly placeDep ROOT @protobufjs/path@1.1.2 OK for: protobufjs@7.6.5 want: ^1.1.2
952 silly placeDep ROOT @protobufjs/pool@1.1.0 OK for: protobufjs@7.6.5 want: ^1.1.0
953 silly placeDep ROOT @protobufjs/utf8@1.1.2 OK for: protobufjs@7.6.5 want: ^1.1.1
954 silly placeDep ROOT string_decoder@1.3.0 OK for: readable-stream@3.6.2 want: ^1.1.1
955 silly placeDep ROOT util-deprecate@1.0.2 OK for: readable-stream@3.6.2 want: ^1.0.1
956 silly placeDep ROOT @types/request@2.48.13 OK for: retry-request@7.0.2 want: ^2.48.8
957 silly fetch manifest form-data@^2.5.5
958 silly packumentCache full:https://registry.npmjs.org/form-data cache-miss
959 silly fetch manifest @types/caseless@*
960 silly packumentCache full:https://registry.npmjs.org/@types%2fcaseless cache-miss
961 silly fetch manifest @types/tough-cookie@*
962 silly packumentCache full:https://registry.npmjs.org/@types%2ftough-cookie cache-miss
963 http fetch GET 200 https://registry.npmjs.org/form-data 220ms (cache miss)
964 silly packumentCache full:https://registry.npmjs.org/form-data set size:undefined disposed:false
965 http fetch GET 200 https://registry.npmjs.org/@types%2fcaseless 880ms (cache miss)
966 silly packumentCache full:https://registry.npmjs.org/@types%2fcaseless set size:undefined disposed:false
967 http fetch GET 200 https://registry.npmjs.org/@types%2ftough-cookie 883ms (cache miss)
968 silly packumentCache full:https://registry.npmjs.org/@types%2ftough-cookie set size:undefined disposed:false
969 silly placeDep ROOT @types/caseless@0.12.5 OK for: @types/request@2.48.13 want: *
970 silly placeDep ROOT @types/tough-cookie@4.0.5 OK for: @types/request@2.48.13 want: *
971 silly placeDep ROOT form-data@2.5.6 OK for: @types/request@2.48.13 want: ^2.5.5
972 silly fetch manifest asynckit@^0.4.0
973 silly packumentCache full:https://registry.npmjs.org/asynckit cache-miss
974 silly fetch manifest mime-types@^2.1.35
975 silly packumentCache full:https://registry.npmjs.org/mime-types cache-miss
976 silly fetch manifest combined-stream@^1.0.8
977 silly packumentCache full:https://registry.npmjs.org/combined-stream cache-miss
978 http fetch GET 200 https://registry.npmjs.org/asynckit 103ms (cache miss)
979 silly packumentCache full:https://registry.npmjs.org/asynckit set size:undefined disposed:false
980 http fetch GET 200 https://registry.npmjs.org/combined-stream 105ms (cache miss)
981 silly packumentCache full:https://registry.npmjs.org/combined-stream set size:undefined disposed:false
982 http fetch GET 200 https://registry.npmjs.org/mime-types 125ms (cache miss)
983 silly packumentCache full:https://registry.npmjs.org/mime-types set size:undefined disposed:false
984 silly placeDep ROOT asynckit@0.4.0 OK for: form-data@2.5.6 want: ^0.4.0
985 silly placeDep ROOT combined-stream@1.0.8 OK for: form-data@2.5.6 want: ^1.0.8
986 silly placeDep ROOT mime-types@2.1.35 OK for: form-data@2.5.6 want: ^2.1.35
987 silly fetch manifest delayed-stream@~1.0.0
988 silly packumentCache full:https://registry.npmjs.org/delayed-stream cache-miss
989 silly fetch manifest mime-db@1.52.0
990 silly packumentCache full:https://registry.npmjs.org/mime-db cache-miss
991 http fetch GET 200 https://registry.npmjs.org/delayed-stream 112ms (cache miss)
992 silly packumentCache full:https://registry.npmjs.org/delayed-stream set size:undefined disposed:false
993 http fetch GET 200 https://registry.npmjs.org/mime-db 133ms (cache miss)
994 silly packumentCache full:https://registry.npmjs.org/mime-db set size:undefined disposed:false
995 silly placeDep ROOT delayed-stream@1.0.0 OK for: combined-stream@1.0.8 want: ~1.0.0
996 silly placeDep ROOT mime-db@1.52.0 OK for: mime-types@2.1.35 want: 1.52.0
997 silly placeDep ROOT anynum@1.0.1 OK for: strnum@2.4.2 want: ^1.0.1
998 silly placeDep ROOT http-proxy-agent@5.0.0 OK for: teeny-request@9.0.0 want: ^5.0.0
999 silly placeDep node_modules/teeny-request https-proxy-agent@5.0.1 OK for: teeny-request@9.0.0 want: ^5.0.0
1000 silly placeDep ROOT stream-events@1.0.5 OK for: teeny-request@9.0.0 want: ^1.0.5
1001 silly fetch manifest agent-base@6
1002 silly packumentCache full:https://registry.npmjs.org/agent-base cache-miss
1003 silly fetch manifest @tootallnate/once@2
1004 silly packumentCache full:https://registry.npmjs.org/@tootallnate%2fonce cache-miss
1005 silly fetch manifest agent-base@6
1006 silly packumentCache full:https://registry.npmjs.org/agent-base cache-miss
1007 silly fetch manifest stubs@^3.0.0
1008 silly packumentCache full:https://registry.npmjs.org/stubs cache-miss
1009 http cache https://registry.npmjs.org/agent-base 35ms (cache hit)
1010 silly packumentCache full:https://registry.npmjs.org/agent-base set size:72085 disposed:false
1011 http cache https://registry.npmjs.org/agent-base 35ms (cache hit)
1012 silly packumentCache full:https://registry.npmjs.org/agent-base set size:72085 disposed:false
1013 silly packumentCache full:https://registry.npmjs.org/agent-base dispose
1014 http fetch GET 200 https://registry.npmjs.org/stubs 693ms (cache miss)
1015 silly packumentCache full:https://registry.npmjs.org/stubs set size:undefined disposed:false
1016 http fetch GET 200 https://registry.npmjs.org/@tootallnate%2fonce 703ms (cache miss)
1017 silly packumentCache full:https://registry.npmjs.org/@tootallnate%2fonce set size:undefined disposed:false
1018 silly placeDep ROOT @tootallnate/once@2.0.1 OK for: http-proxy-agent@5.0.0 want: 2
1019 silly placeDep node_modules/http-proxy-agent agent-base@6.0.2 OK for: http-proxy-agent@5.0.0 want: 6
1020 silly placeDep ROOT stubs@3.0.0 OK for: stream-events@1.0.5 want: ^3.0.0
1021 silly placeDep ROOT http-parser-js@0.5.10 OK for: websocket-driver@0.7.5 want: >=0.5.1
1022 silly placeDep ROOT websocket-extensions@0.1.4 OK for: websocket-driver@0.7.5 want: >=0.1.1
1023 silly placeDep ROOT tr46@0.0.3 OK for: whatwg-url@5.0.0 want: ~0.0.3
1024 silly placeDep ROOT webidl-conversions@3.0.1 OK for: whatwg-url@5.0.0 want: ^3.0.0
1025 silly placeDep ROOT cliui@8.0.1 OK for: yargs@17.7.3 want: ^8.0.1
1026 silly placeDep ROOT get-caller-file@2.0.5 OK for: yargs@17.7.3 want: ^2.0.5
1027 silly placeDep ROOT require-directory@2.1.1 OK for: yargs@17.7.3 want: ^2.1.1
1028 silly placeDep ROOT string-width@4.2.3 OK for: yargs@17.7.3 want: ^4.2.3
1029 silly placeDep ROOT y18n@5.0.8 OK for: yargs@17.7.3 want: ^5.0.5
1030 silly placeDep ROOT yargs-parser@21.1.1 OK for: yargs@17.7.3 want: ^21.1.1
1031 silly fetch manifest wrap-ansi@^7.0.0
1032 silly packumentCache full:https://registry.npmjs.org/wrap-ansi cache-miss
1033 silly fetch manifest strip-ansi@^6.0.1
1034 silly packumentCache full:https://registry.npmjs.org/strip-ansi cache-miss
1035 silly fetch manifest string-width@^4.2.0
1036 silly packumentCache full:https://registry.npmjs.org/string-width cache-miss
1037 silly fetch manifest strip-ansi@^6.0.1
1038 silly packumentCache full:https://registry.npmjs.org/strip-ansi cache-miss
1039 silly fetch manifest emoji-regex@^8.0.0
1040 silly packumentCache full:https://registry.npmjs.org/emoji-regex cache-miss
1041 silly fetch manifest is-fullwidth-code-point@^3.0.0
1042 silly packumentCache full:https://registry.npmjs.org/is-fullwidth-code-point cache-miss
1043 http cache https://registry.npmjs.org/string-width 23ms (cache hit)
1044 silly packumentCache full:https://registry.npmjs.org/string-width set size:72458 disposed:false
1045 http fetch GET 200 https://registry.npmjs.org/is-fullwidth-code-point 123ms (cache miss)
1046 silly packumentCache full:https://registry.npmjs.org/is-fullwidth-code-point set size:undefined disposed:false
1047 http fetch GET 200 https://registry.npmjs.org/strip-ansi 130ms (cache miss)
1048 silly packumentCache full:https://registry.npmjs.org/strip-ansi set size:undefined disposed:false
1049 http fetch GET 200 https://registry.npmjs.org/strip-ansi 151ms (cache miss)
1050 silly packumentCache full:https://registry.npmjs.org/strip-ansi set size:undefined disposed:false
1051 http fetch GET 200 https://registry.npmjs.org/wrap-ansi 156ms (cache miss)
1052 silly packumentCache full:https://registry.npmjs.org/wrap-ansi set size:undefined disposed:false
1053 http fetch GET 200 https://registry.npmjs.org/emoji-regex 172ms (cache revalidated)
1054 silly packumentCache full:https://registry.npmjs.org/emoji-regex set size:89064 disposed:false
1055 silly placeDep ROOT strip-ansi@6.0.1 OK for: cliui@8.0.1 want: ^6.0.1
1056 silly placeDep ROOT wrap-ansi@7.0.0 OK for: cliui@8.0.1 want: ^7.0.0
1057 silly fetch manifest ansi-regex@^5.0.1
1058 silly packumentCache full:https://registry.npmjs.org/ansi-regex cache-miss
1059 http fetch GET 200 https://registry.npmjs.org/ansi-regex 131ms (cache miss)
1060 silly packumentCache full:https://registry.npmjs.org/ansi-regex set size:undefined disposed:false
1061 silly placeDep node_modules/string-width emoji-regex@8.0.0 OK for: string-width@4.2.3 want: ^8.0.0
1062 silly placeDep ROOT is-fullwidth-code-point@3.0.0 OK for: string-width@4.2.3 want: ^3.0.0
1063 silly placeDep ROOT ansi-regex@5.0.1 OK for: strip-ansi@6.0.1 want: ^5.0.1
1064 silly placeDep node_modules/@google-cloud/storage gcp-metadata@6.1.1 OK for: google-auth-library@9.15.1 want: ^6.1.0
1065 silly placeDep ROOT gtoken@7.1.0 OK for: google-auth-library@9.15.1 want: ^7.0.0
1066 silly fetch manifest google-logging-utils@^0.0.2
1067 silly packumentCache full:https://registry.npmjs.org/google-logging-utils cache-hit
1068 silly placeDep node_modules/@google-cloud/storage google-logging-utils@0.0.2 OK for: gcp-metadata@6.1.1 want: ^0.0.2
1069 silly placeDep node_modules/gcp-metadata node-fetch@3.3.2 OK for: gaxios@7.3.1 want: ^3.3.2
1070 silly fetch manifest data-uri-to-buffer@^4.0.0
1071 silly packumentCache full:https://registry.npmjs.org/data-uri-to-buffer cache-miss
1072 silly fetch manifest fetch-blob@^3.1.4
1073 silly packumentCache full:https://registry.npmjs.org/fetch-blob cache-miss
1074 silly fetch manifest formdata-polyfill@^4.0.10
1075 silly packumentCache full:https://registry.npmjs.org/formdata-polyfill cache-miss
1076 http fetch GET 200 https://registry.npmjs.org/data-uri-to-buffer 131ms (cache miss)
1077 silly packumentCache full:https://registry.npmjs.org/data-uri-to-buffer set size:undefined disposed:false
1078 http fetch GET 200 https://registry.npmjs.org/formdata-polyfill 412ms (cache miss)
1079 silly packumentCache full:https://registry.npmjs.org/formdata-polyfill set size:undefined disposed:false
1080 http fetch GET 200 https://registry.npmjs.org/fetch-blob 418ms (cache miss)
1081 silly packumentCache full:https://registry.npmjs.org/fetch-blob set size:undefined disposed:false
1082 silly placeDep ROOT data-uri-to-buffer@4.0.1 OK for: node-fetch@3.3.2 want: ^4.0.0
1083 silly placeDep ROOT fetch-blob@3.2.0 OK for: node-fetch@3.3.2 want: ^3.1.4
1084 silly placeDep ROOT formdata-polyfill@4.0.10 OK for: node-fetch@3.3.2 want: ^4.0.10
1085 silly fetch manifest node-domexception@^1.0.0
1086 silly packumentCache full:https://registry.npmjs.org/node-domexception cache-miss
1087 silly fetch manifest web-streams-polyfill@^3.0.3
1088 silly packumentCache full:https://registry.npmjs.org/web-streams-polyfill cache-miss
1089 http fetch GET 200 https://registry.npmjs.org/node-domexception 363ms (cache miss)
1090 silly packumentCache full:https://registry.npmjs.org/node-domexception set size:undefined disposed:false
1091 http fetch GET 200 https://registry.npmjs.org/web-streams-polyfill 413ms (cache miss)
1092 silly packumentCache full:https://registry.npmjs.org/web-streams-polyfill set size:undefined disposed:false
1093 silly placeDep ROOT node-domexception@1.0.0 OK for: fetch-blob@3.2.0 want: ^1.0.0
1094 silly placeDep ROOT web-streams-polyfill@3.3.3 OK for: fetch-blob@3.2.0 want: ^3.0.3
1095 silly placeDep node_modules/google-auth-library node-fetch@3.3.2 OK for: gaxios@7.3.1 want: ^3.3.2
1096 silly placeDep node_modules/google-gax/node_modules/@grpc/grpc-js @grpc/proto-loader@0.8.1 OK for: @grpc/grpc-js@1.14.4 want: ^0.8.0
1097 silly placeDep ROOT @js-sdsl/ordered-map@4.4.2 OK for: @grpc/grpc-js@1.14.4 want: ^4.4.2
1098 silly placeDep node_modules/google-gax gcp-metadata@6.1.1 OK for: google-auth-library@9.15.1 want: ^6.1.0
1099 silly placeDep node_modules/google-gax google-logging-utils@0.0.2 OK for: gcp-metadata@6.1.1 want: ^0.0.2
1100 silly placeDep node_modules/lru-memoizer yallist@4.0.0 OK for: lru-cache@6.0.0 want: ^4.0.0
1101 silly placeDep node_modules/teeny-request agent-base@6.0.2 OK for: https-proxy-agent@5.0.1 want: 6
1102 silly reify moves {}
1103 silly audit bulk request {
1103 silly audit   '@alloc/quick-lru': [ '5.2.0' ],
1103 silly audit   '@babel/code-frame': [ '7.29.7' ],
1103 silly audit   '@babel/compat-data': [ '7.29.7' ],
1103 silly audit   '@babel/core': [ '7.29.7' ],
1103 silly audit   '@babel/generator': [ '7.29.8' ],
1103 silly audit   '@babel/helper-compilation-targets': [ '7.29.7' ],
1103 silly audit   '@babel/helper-globals': [ '7.29.7' ],
1103 silly audit   '@babel/helper-module-imports': [ '7.29.7' ],
1103 silly audit   '@babel/helper-module-transforms': [ '7.29.7' ],
1103 silly audit   '@babel/helper-string-parser': [ '7.29.7' ],
1103 silly audit   '@babel/helper-validator-identifier': [ '7.29.7' ],
1103 silly audit   '@babel/helper-validator-option': [ '7.29.7' ],
1103 silly audit   '@babel/helpers': [ '7.29.7' ],
1103 silly audit   '@babel/parser': [ '7.29.8' ],
1103 silly audit   '@babel/runtime': [ '7.29.7' ],
1103 silly audit   '@babel/template': [ '7.29.7' ],
1103 silly audit   '@babel/traverse': [ '7.29.8' ],
1103 silly audit   '@babel/types': [ '7.29.8' ],
1103 silly audit   '@dimforge/rapier3d-compat': [ '0.12.0' ],
1103 silly audit   '@emnapi/core': [ '1.10.0' ],
1103 silly audit   '@emnapi/runtime': [ '1.11.3', '1.10.0' ],
1103 silly audit   '@emnapi/wasi-threads': [ '1.2.1' ],
1103 silly audit   '@eslint-community/eslint-utils': [ '4.10.1', '4.9.1' ],
1103 silly audit   'eslint-visitor-keys': [ '3.4.3', '5.0.1', '4.2.1' ],
1103 silly audit   '@eslint-community/regexpp': [ '4.12.2' ],
1103 silly audit   '@eslint/config-array': [ '0.21.2' ],
1103 silly audit   '@eslint/config-helpers': [ '0.4.2' ],
1103 silly audit   '@eslint/core': [ '0.17.0' ],
1103 silly audit   '@eslint/eslintrc': [ '3.3.6' ],
1103 silly audit   '@eslint/js': [ '9.39.5' ],
1103 silly audit   '@eslint/object-schema': [ '2.1.7' ],
1103 silly audit   '@eslint/plugin-kit': [ '0.4.1' ],
1103 silly audit   '@humanfs/core': [ '0.19.2' ],
1103 silly audit   '@humanfs/node': [ '0.16.8' ],
1103 silly audit   '@humanfs/types': [ '0.15.0' ],
1103 silly audit   '@humanwhocodes/module-importer': [ '1.0.1' ],
1103 silly audit   '@humanwhocodes/retry': [ '0.4.3' ],
1103 silly audit   '@img/colour': [ '1.1.0' ],
1103 silly audit   '@img/sharp-darwin-arm64': [ '0.35.3' ],
1103 silly audit   '@img/sharp-darwin-x64': [ '0.35.3' ],
1103 silly audit   '@img/sharp-freebsd-wasm32': [ '0.35.3' ],
1103 silly audit   '@img/sharp-libvips-darwin-arm64': [ '1.3.2' ],
1103 silly audit   '@img/sharp-libvips-darwin-x64': [ '1.3.2' ],
1103 silly audit   '@img/sharp-libvips-linux-arm': [ '1.3.2' ],
1103 silly audit   '@img/sharp-libvips-linux-arm64': [ '1.3.2' ],
1103 silly audit   '@img/sharp-libvips-linux-ppc64': [ '1.3.2' ],
1103 silly audit   '@img/sharp-libvips-linux-riscv64': [ '1.3.2' ],
1103 silly audit   '@img/sharp-libvips-linux-s390x': [ '1.3.2' ],
1103 silly audit   '@img/sharp-libvips-linux-x64': [ '1.3.2' ],
1103 silly audit   '@img/sharp-libvips-linuxmusl-arm64': [ '1.3.2' ],
1103 silly audit   '@img/sharp-libvips-linuxmusl-x64': [ '1.3.2' ],
1103 silly audit   '@img/sharp-linux-arm': [ '0.35.3' ],
1103 silly audit   '@img/sharp-linux-arm64': [ '0.35.3' ],
1103 silly audit   '@img/sharp-linux-ppc64': [ '0.35.3' ],
1103 silly audit   '@img/sharp-linux-riscv64': [ '0.35.3' ],
1103 silly audit   '@img/sharp-linux-s390x': [ '0.35.3' ],
1103 silly audit   '@img/sharp-linux-x64': [ '0.35.3' ],
1103 silly audit   '@img/sharp-linuxmusl-arm64': [ '0.35.3' ],
1103 silly audit   '@img/sharp-linuxmusl-x64': [ '0.35.3' ],
1103 silly audit   '@img/sharp-wasm32': [ '0.35.3' ],
1103 silly audit   '@img/sharp-webcontainers-wasm32': [ '0.35.3' ],
1103 silly audit   '@img/sharp-win32-arm64': [ '0.35.3' ],
1103 silly audit   '@img/sharp-win32-ia32': [ '0.35.3' ],
1103 silly audit   '@img/sharp-win32-x64': [ '0.35.3' ],
1103 silly audit   '@jridgewell/gen-mapping': [ '0.3.13' ],
1103 silly audit   '@jridgewell/remapping': [ '2.3.5' ],
1103 silly audit   '@jridgewell/resolve-uri': [ '3.1.2' ],
1103 silly audit   '@jridgewell/sourcemap-codec': [ '1.5.5' ],
1103 silly audit   '@jridgewell/trace-mapping': [ '0.3.31' ],
1103 silly audit   '@napi-rs/wasm-runtime': [ '1.2.2' ],
1103 silly audit   '@next/env': [ '16.3.0' ],
1103 silly audit   '@next/eslint-plugin-next': [ '16.3.0' ],
1103 silly audit   '@next/swc-darwin-arm64': [ '16.3.0' ],
1103 silly audit   '@next/swc-darwin-x64': [ '16.3.0' ],
1103 silly audit   '@next/swc-linux-arm64-gnu': [ '16.3.0' ],
1103 silly audit   '@next/swc-linux-arm64-musl': [ '16.3.0' ],
1103 silly audit   '@next/swc-linux-x64-gnu': [ '16.3.0' ],
1103 silly audit   '@next/swc-linux-x64-musl': [ '16.3.0' ],
1103 silly audit   '@next/swc-win32-arm64-msvc': [ '16.3.0' ],
1103 silly audit   '@next/swc-win32-x64-msvc': [ '16.3.0' ],
1103 silly audit   '@nodelib/fs.scandir': [ '2.1.5' ],
1103 silly audit   '@nodelib/fs.stat': [ '2.0.5' ],
1103 silly audit   '@nodelib/fs.walk': [ '1.2.8' ],
1103 silly audit   '@nolyfill/is-core-module': [ '1.0.39' ],
1103 silly audit   '@react-three/fiber': [ '9.7.0' ],
1103 silly audit   '@rtsao/scc': [ '1.1.0' ],
1103 silly audit   '@swc/helpers': [ '0.5.15' ],
1103 silly audit   '@tailwindcss/node': [ '4.3.3' ],
1103 silly audit   '@tailwindcss/oxide': [ '4.3.3' ],
1103 silly audit   '@tailwindcss/oxide-android-arm64': [ '4.3.3' ],
1103 silly audit   '@tailwindcss/oxide-darwin-arm64': [ '4.3.3' ],
1103 silly audit   '@tailwindcss/oxide-darwin-x64': [ '4.3.3' ],
1103 silly audit   '@tailwindcss/oxide-freebsd-x64': [ '4.3.3' ],
1103 silly audit   '@tailwindcss/oxide-linux-arm-gnueabihf': [ '4.3.3' ],
1103 silly audit   '@tailwindcss/oxide-linux-arm64-gnu': [ '4.3.3' ],
1103 silly audit   '@tailwindcss/oxide-linux-arm64-musl': [ '4.3.3' ],
1103 silly audit   '@tailwindcss/oxide-linux-x64-gnu': [ '4.3.3' ],
1103 silly audit   '@tailwindcss/oxide-linux-x64-musl': [ '4.3.3' ],
1103 silly audit   '@tailwindcss/oxide-wasm32-wasi': [ '4.3.3' ],
1103 silly audit   '@tailwindcss/oxide-win32-arm64-msvc': [ '4.3.3' ],
1103 silly audit   '@tailwindcss/oxide-win32-x64-msvc': [ '4.3.3' ],
1103 silly audit   '@tailwindcss/postcss': [ '4.3.3' ],
1103 silly audit   '@tweenjs/tween.js': [ '23.1.3' ],
1103 silly audit   '@tybys/wasm-util': [ '0.10.3' ],
1103 silly audit   '@types/estree': [ '1.0.9' ],
1103 silly audit   '@types/json-schema': [ '7.0.15' ],
1103 silly audit   '@types/json5': [ '0.0.29' ],
1103 silly audit   '@types/node': [ '20.19.43' ],
1103 silly audit   '@types/react': [ '19.2.18' ],
1103 silly audit   '@types/react-dom': [ '19.2.4' ],
1103 silly audit   '@types/react-reconciler': [ '0.28.9' ],
1103 silly audit   '@types/stats.js': [ '0.17.4' ],
1103 silly audit   '@types/three': [ '0.185.4' ],
1103 silly audit   '@types/webxr': [ '0.5.24' ],
1103 silly audit   '@typescript-eslint/eslint-plugin': [ '8.66.0' ],
1103 silly audit   ignore: [ '7.0.6', '5.3.2' ],
1103 silly audit   '@typescript-eslint/parser': [ '8.66.0' ],
1103 silly audit   '@typescript-eslint/project-service': [ '8.66.0' ],
1103 silly audit   '@typescript-eslint/scope-manager': [ '8.66.0' ],
1103 silly audit   '@typescript-eslint/tsconfig-utils': [ '8.66.0' ],
1103 silly audit   '@typescript-eslint/type-utils': [ '8.66.0' ],
1103 silly audit   '@typescript-eslint/types': [ '8.66.0' ],
1103 silly audit   '@typescript-eslint/typescript-estree': [ '8.66.0' ],
1103 silly audit   'balanced-match': [ '4.0.4', '1.0.2' ],
1103 silly audit   'brace-expansion': [ '5.0.9', '1.1.18' ],
1103 silly audit   minimatch: [ '10.2.6', '3.1.5' ],
1103 silly audit   semver: [ '7.8.5', '6.3.1' ],
1103 silly audit   '@typescript-eslint/utils': [ '8.66.0' ],
1103 silly audit   '@typescript-eslint/visitor-keys': [ '8.66.0' ],
1103 silly audit   '@unrs/resolver-binding-android-arm-eabi': [ '1.12.2' ],
1103 silly audit   '@unrs/resolver-binding-android-arm64': [ '1.12.2' ],
1103 silly audit   '@unrs/resolver-binding-darwin-arm64': [ '1.12.2' ],
1103 silly audit   '@unrs/resolver-binding-darwin-x64': [ '1.12.2' ],
1103 silly audit   '@unrs/resolver-binding-freebsd-x64': [ '1.12.2' ],
1103 silly audit   '@unrs/resolver-binding-linux-arm-gnueabihf': [ '1.12.2' ],
1103 silly audit   '@unrs/resolver-binding-linux-arm-musleabihf': [ '1.12.2' ],
1103 silly audit   '@unrs/resolver-binding-linux-arm64-gnu': [ '1.12.2' ],
1103 silly audit   '@unrs/resolver-binding-linux-arm64-musl': [ '1.12.2' ],
1103 silly audit   '@unrs/resolver-binding-linux-loong64-gnu': [ '1.12.2' ],
1103 silly audit   '@unrs/resolver-binding-linux-loong64-musl': [ '1.12.2' ],
1103 silly audit   '@unrs/resolver-binding-linux-ppc64-gnu': [ '1.12.2' ],
1103 silly audit   '@unrs/resolver-binding-linux-riscv64-gnu': [ '1.12.2' ],
1103 silly audit   '@unrs/resolver-binding-linux-riscv64-musl': [ '1.12.2' ],
1103 silly audit   '@unrs/resolver-binding-linux-s390x-gnu': [ '1.12.2' ],
1103 silly audit   '@unrs/resolver-binding-linux-x64-gnu': [ '1.12.2' ],
1103 silly audit   '@unrs/resolver-binding-linux-x64-musl': [ '1.12.2' ],
1103 silly audit   '@unrs/resolver-binding-openharmony-arm64': [ '1.12.2' ],
1103 silly audit   '@unrs/resolver-binding-wasm32-wasi': [ '1.12.2' ],
1103 silly audit   '@unrs/resolver-binding-win32-arm64-msvc': [ '1.12.2' ],
1103 silly audit   '@unrs/resolver-binding-win32-ia32-msvc': [ '1.12.2' ],
1103 silly audit   '@unrs/resolver-binding-win32-x64-msvc': [ '1.12.2' ],
1103 silly audit   acorn: [ '8.18.0' ],
1103 silly audit   'acorn-jsx': [ '5.3.2' ],
1103 silly audit   ajv: [ '6.15.0' ],
1103 silly audit   'ansi-styles': [ '4.3.0' ],
1103 silly audit   argparse: [ '2.0.1' ],
1103 silly audit   'aria-query': [ '5.3.2' ],
1103 silly audit   'array-buffer-byte-length': [ '1.0.2' ],
1103 silly audit   'array-includes': [ '3.1.9' ],
1103 silly audit   'array.prototype.findlast': [ '1.2.5' ],
1103 silly audit   'array.prototype.findlastindex': [ '1.2.6' ],
1103 silly audit   'array.prototype.flat': [ '1.3.3' ],
1103 silly audit   'array.prototype.flatmap': [ '1.3.3' ],
1103 silly audit   'array.prototype.tosorted': [ '1.1.4' ],
1103 silly audit   'arraybuffer.prototype.slice': [ '1.0.4' ],
1103 silly audit   'ast-types-flow': [ '0.0.8' ],
1103 silly audit   'async-function': [ '1.0.0' ],
1103 silly audit   'available-typed-arrays': [ '1.0.7' ],
1103 silly audit   'axe-core': [ '4.12.1' ],
1103 silly audit   'axobject-query': [ '4.1.0' ],
1103 silly audit   'base64-js': [ '1.5.1' ],
1103 silly audit   'baseline-browser-mapping': [ '2.11.12' ],
1103 silly audit   braces: [ '3.0.3' ],
1103 silly audit   browserslist: [ '4.28.7' ],
1103 silly audit   buffer: [ '6.0.3' ],
1103 silly audit   'call-bind': [ '1.0.9' ],
1103 silly audit   'call-bind-apply-helpers': [ '1.0.2' ],
1103 silly audit   'call-bound': [ '1.0.4' ],
1103 silly audit   callsites: [ '3.1.0' ],
1103 silly audit   'caniuse-lite': [ '1.0.30001806' ],
1103 silly audit   chalk: [ '4.1.2' ],
1103 silly audit   'client-only': [ '0.0.1' ],
1103 silly audit   clsx: [ '2.1.1' ],
1103 silly audit   'color-convert': [ '2.0.1' ],
1103 silly audit   'color-name': [ '1.1.4' ],
1103 silly audit   'concat-map': [ '0.0.1' ],
1103 silly audit   'convert-source-map': [ '2.0.0' ],
1103 silly audit   'cross-spawn': [ '7.0.6' ],
1103 silly audit   csstype: [ '3.2.3' ],
1103 silly audit   'damerau-levenshtein': [ '1.0.8' ],
1103 silly audit   'data-view-buffer': [ '1.0.2' ],
1103 silly audit   'data-view-byte-length': [ '1.0.2' ],
1103 silly audit   'data-view-byte-offset': [ '1.0.1' ],
1103 silly audit   debug: [ '4.4.3', '3.2.7' ],
1103 silly audit   'deep-is': [ '0.1.4' ],
1103 silly audit   'define-data-property': [ '1.1.4' ],
1103 silly audit   'define-properties': [ '1.2.1' ],
1103 silly audit   'detect-libc': [ '2.1.2' ],
1103 silly audit   doctrine: [ '2.1.0' ],
1103 silly audit   'dunder-proto': [ '1.0.1' ],
1103 silly audit   'electron-to-chromium': [ '1.5.401' ],
1103 silly audit   'emoji-regex': [ '9.2.2', '8.0.0' ],
1103 silly audit   'enhanced-resolve': [ '5.24.5' ],
1103 silly audit   'es-abstract': [ '1.24.2' ],
1103 silly audit   'es-abstract-get': [ '1.0.0' ],
1103 silly audit   'es-define-property': [ '1.0.1' ],
1103 silly audit   'es-errors': [ '1.3.0' ],
1103 silly audit   'es-iterator-helpers': [ '1.4.0' ],
1103 silly audit   'es-object-atoms': [ '1.1.2' ],
1103 silly audit   'es-set-tostringtag': [ '2.1.0' ],
1103 silly audit   'es-shim-unscopables': [ '1.1.0' ],
1103 silly audit   'es-to-primitive': [ '1.3.4' ],
1103 silly audit   escalade: [ '3.2.0' ],
1103 silly audit   'escape-string-regexp': [ '4.0.0' ],
1103 silly audit   eslint: [ '9.39.5' ],
1103 silly audit   'eslint-config-next': [ '16.3.0' ],
1103 silly audit   globals: [ '16.4.0', '14.0.0' ],
1103 silly audit   'eslint-import-resolver-node': [ '0.3.10' ],
1103 silly audit   'eslint-import-resolver-typescript': [ '3.10.1' ],
1103 silly audit   'eslint-module-utils': [ '2.14.0' ],
1103 silly audit   'eslint-plugin-import': [ '2.32.0' ],
1103 silly audit   'eslint-plugin-jsx-a11y': [ '6.10.2' ],
1103 silly audit   'eslint-plugin-react': [ '7.37.5' ],
1103 silly audit   'eslint-plugin-react-hooks': [ '7.1.1' ],
1103 silly audit   'eslint-scope': [ '8.4.0' ],
1103 silly audit   espree: [ '10.4.0' ],
1103 silly audit   esquery: [ '1.7.0' ],
1103 silly audit   esrecurse: [ '4.3.0' ],
1103 silly audit   estraverse: [ '5.3.0' ],
1103 silly audit   esutils: [ '2.0.3' ],
1103 silly audit   'fast-deep-equal': [ '3.1.3' ],
1103 silly audit   'fast-glob': [ '3.3.1' ],
1103 silly audit   'glob-parent': [ '5.1.2', '6.0.2' ],
1103 silly audit   'fast-json-stable-stringify': [ '2.1.0' ],
1103 silly audit   'fast-levenshtein': [ '2.0.6' ],
1103 silly audit   fastq: [ '1.20.1' ],
1103 silly audit   fflate: [ '0.8.3' ],
1103 silly audit   'file-entry-cache': [ '8.0.0' ],
1103 silly audit   'fill-range': [ '7.1.1' ],
1103 silly audit   'find-up': [ '5.0.0' ],
1103 silly audit   'flat-cache': [ '4.0.1' ],
1103 silly audit   flatted: [ '3.4.4' ],
1103 silly audit   'for-each': [ '0.3.5' ],
1103 silly audit   'framer-motion': [ '13.0.0' ],
1103 silly audit   'function-bind': [ '1.1.2' ],
1103 silly audit   'function.prototype.name': [ '1.2.0' ],
1103 silly audit   'functions-have-names': [ '1.2.3' ],
1103 silly audit   'generator-function': [ '2.0.1' ],
1103 silly audit   gensync: [ '1.0.0-beta.2' ],
1103 silly audit   'get-intrinsic': [ '1.3.0' ],
1103 silly audit   'get-proto': [ '1.0.1' ],
1103 silly audit   'get-symbol-description': [ '1.1.0' ],
1103 silly audit   'get-tsconfig': [ '4.14.1' ],
1103 silly audit   globalthis: [ '1.0.4' ],
1103 silly audit   gopd: [ '1.2.0' ],
1103 silly audit   'graceful-fs': [ '4.2.11' ],
1103 silly audit   gsap: [ '3.15.0' ],
1103 silly audit   'has-bigints': [ '1.1.0' ],
1103 silly audit   'has-flag': [ '4.0.0' ],
1103 silly audit   'has-property-descriptors': [ '1.0.2' ],
1103 silly audit   'has-proto': [ '1.2.0' ],
1103 silly audit   'has-symbols': [ '1.1.0' ],
1103 silly audit   'has-tostringtag': [ '1.0.2' ],
1103 silly audit   hasown: [ '2.0.4' ],
1103 silly audit   'hermes-estree': [ '0.25.1' ],
1103 silly audit   'hermes-parser': [ '0.25.1' ],
1103 silly audit   ieee754: [ '1.2.1' ],
1103 silly audit   'import-fresh': [ '3.3.1' ],
1103 silly audit   imurmurhash: [ '0.1.4' ],
1103 silly audit   'internal-slot': [ '1.1.0' ],
1103 silly audit   'is-array-buffer': [ '3.0.5' ],
1103 silly audit   'is-async-function': [ '2.1.1' ],
1103 silly audit   'is-bigint': [ '1.1.0' ],
1103 silly audit   'is-boolean-object': [ '1.2.2' ],
1103 silly audit   'is-bun-module': [ '2.0.0' ],
1103 silly audit   'is-callable': [ '1.2.7' ],
1103 silly audit   'is-core-module': [ '2.16.2' ],
1103 silly audit   'is-data-view': [ '1.0.2' ],
1103 silly audit   'is-date-object': [ '1.1.0' ],
1103 silly audit   'is-document.all': [ '1.0.0' ],
1103 silly audit   'is-extglob': [ '2.1.1' ],
1103 silly audit   'is-finalizationregistry': [ '1.1.1' ],
1103 silly audit   'is-generator-function': [ '1.1.2' ],
1103 silly audit   'is-glob': [ '4.0.3' ],
1103 silly audit   'is-map': [ '2.0.3' ],
1103 silly audit   'is-negative-zero': [ '2.0.3' ],
1103 silly audit   'is-number': [ '7.0.0' ],
1103 silly audit   'is-number-object': [ '1.1.1' ],
1103 silly audit   'is-regex': [ '1.2.1' ],
1103 silly audit   'is-set': [ '2.0.3' ],
1103 silly audit   'is-shared-array-buffer': [ '1.0.4' ],
1103 silly audit   'is-string': [ '1.1.1' ],
1103 silly audit   'is-symbol': [ '1.1.1' ],
1103 silly audit   'is-typed-array': [ '1.1.15' ],
1103 silly audit   'is-weakmap': [ '2.0.2' ],
1103 silly audit   'is-weakref': [ '1.1.1' ],
1103 silly audit   'is-weakset': [ '2.0.4' ],
1103 silly audit   isarray: [ '2.0.5' ],
1103 silly audit   isexe: [ '2.0.0' ],
1103 silly audit   'iterator.prototype': [ '1.1.5' ],
1103 silly audit   'its-fine': [ '2.0.0' ],
1103 silly audit   jiti: [ '2.7.0' ],
1103 silly audit   'js-tokens': [ '4.0.0' ],
1103 silly audit   'js-yaml': [ '4.3.1' ],
1103 silly audit   jsesc: [ '3.1.0' ],
1103 silly audit   'json-buffer': [ '3.0.1' ],
1103 silly audit   'json-schema-traverse': [ '0.4.1' ],
1103 silly audit   'json-stable-stringify-without-jsonify': [ '1.0.1' ],
1103 silly audit   json5: [ '2.2.3', '1.0.2' ],
1103 silly audit   'jsx-ast-utils': [ '3.3.5' ],
1103 silly audit   keyv: [ '4.5.4' ],
1103 silly audit   'language-subtag-registry': [ '0.3.23' ],
1103 silly audit   'language-tags': [ '1.0.9' ],
1103 silly audit   lenis: [ '1.3.26' ],
1103 silly audit   levn: [ '0.4.1' ],
1103 silly audit   lightningcss: [ '1.32.0' ],
1103 silly audit   'lightningcss-android-arm64': [ '1.32.0' ],
1103 silly audit   'lightningcss-darwin-arm64': [ '1.32.0' ],
1103 silly audit   'lightningcss-darwin-x64': [ '1.32.0' ],
1103 silly audit   'lightningcss-freebsd-x64': [ '1.32.0' ],
1103 silly audit   'lightningcss-linux-arm-gnueabihf': [ '1.32.0' ],
1103 silly audit   'lightningcss-linux-arm64-gnu': [ '1.32.0' ],
1103 silly audit   'lightningcss-linux-arm64-musl': [ '1.32.0' ],
1103 silly audit   'lightningcss-linux-x64-gnu': [ '1.32.0' ],
1103 silly audit   'lightningcss-linux-x64-musl': [ '1.32.0' ],
1103 silly audit   'lightningcss-win32-arm64-msvc': [ '1.32.0' ],
1103 silly audit   'lightningcss-win32-x64-msvc': [ '1.32.0' ],
1103 silly audit   'locate-path': [ '6.0.0' ],
1103 silly audit   'lodash.merge': [ '4.6.2' ],
1103 silly audit   'loose-envify': [ '1.4.0' ],
1103 silly audit   'lru-cache': [ '5.1.1', '6.0.0' ],
1103 silly audit   'lucide-react': [ '1.28.0' ],
1103 silly audit   'magic-string': [ '0.30.21' ],
1103 silly audit   'math-intrinsics': [ '1.1.0' ],
1103 silly audit   merge2: [ '1.4.1' ],
1103 silly audit   meshoptimizer: [ '1.1.1' ],
1103 silly audit   micromatch: [ '4.0.8' ],
1103 silly audit   minimist: [ '1.2.8' ],
1103 silly audit   'motion-dom': [ '13.0.0' ],
1103 silly audit   'motion-utils': [ '13.0.0' ],
1103 silly audit   ms: [ '2.1.3' ],
1103 silly audit   nanoid: [ '3.3.17' ],
1103 silly audit   'napi-postinstall': [ '0.3.4' ],
1103 silly audit   'natural-compare': [ '1.4.0' ],
1103 silly audit   next: [ '16.3.0' ],
1103 silly audit   postcss: [ '8.5.23', '8.5.25' ],
1103 silly audit   'node-exports-info': [ '1.6.2' ],
1103 silly audit   'node-releases': [ '2.0.52' ],
1103 silly audit   'object-assign': [ '4.1.1' ],
1103 silly audit   'object-inspect': [ '1.13.4' ],
1103 silly audit   'object-keys': [ '1.1.1' ],
1103 silly audit   'object.assign': [ '4.1.7' ],
1103 silly audit   'object.entries': [ '1.1.9' ],
1103 silly audit   'object.fromentries': [ '2.0.8' ],
1103 silly audit   'object.groupby': [ '1.0.3' ],
1103 silly audit   'object.values': [ '1.2.1' ],
1103 silly audit   optionator: [ '0.9.4' ],
1103 silly audit   'own-keys': [ '1.0.2' ],
1103 silly audit   'p-limit': [ '3.1.0' ],
1103 silly audit   'p-locate': [ '5.0.0' ],
1103 silly audit   'parent-module': [ '1.0.1' ],
1103 silly audit   'path-exists': [ '4.0.0' ],
1103 silly audit   'path-key': [ '3.1.1' ],
1103 silly audit   'path-parse': [ '1.0.7' ],
1103 silly audit   picocolors: [ '1.1.1' ],
1103 silly audit   picomatch: [ '2.3.2', '4.0.5' ],
1103 silly audit   'possible-typed-array-names': [ '1.1.0' ],
1103 silly audit   'prelude-ls': [ '1.2.1' ],
1103 silly audit   'prop-types': [ '15.8.1' ],
1103 silly audit   punycode: [ '2.3.1' ],
1103 silly audit   'queue-microtask': [ '1.2.3' ],
1103 silly audit   react: [ '19.2.8' ],
1103 silly audit   'react-dom': [ '19.2.8' ],
1103 silly audit   'react-is': [ '16.13.1' ],
1103 silly audit   'react-use-measure': [ '2.1.7' ],
1103 silly audit   'reflect.getprototypeof': [ '1.0.10' ],
1103 silly audit   'regexp.prototype.flags': [ '1.5.4' ],
1103 silly audit   resolve: [ '2.0.0-next.7' ],
1103 silly audit   'resolve-from': [ '4.0.0' ],
1103 silly audit   'resolve-pkg-maps': [ '1.0.0' ],
1103 silly audit   reusify: [ '1.1.0' ],
1103 silly audit   'run-parallel': [ '1.2.0' ],
1103 silly audit   'safe-array-concat': [ '1.1.4' ],
1103 silly audit   'safe-push-apply': [ '1.0.0' ],
1103 silly audit   'safe-regex-test': [ '1.1.0' ],
1103 silly audit   scheduler: [ '0.27.0' ],
1103 silly audit   'set-function-length': [ '1.2.2' ],
1103 silly audit   'set-function-name': [ '2.0.2' ],
1103 silly audit   'set-proto': [ '1.0.0' ],
1103 silly audit   sharp: [ '0.35.3' ],
1103 silly audit   'shebang-command': [ '2.0.0' ],
1103 silly audit   'shebang-regex': [ '3.0.0' ],
1103 silly audit   'side-channel': [ '1.1.1' ],
1103 silly audit   'side-channel-list': [ '1.0.1' ],
1103 silly audit   'side-channel-map': [ '1.0.1' ],
1103 silly audit   'side-channel-weakmap': [ '1.0.2' ],
1103 silly audit   'source-map-js': [ '1.2.1' ],
1103 silly audit   'stable-hash': [ '0.0.5' ],
1103 silly audit   'stop-iteration-iterator': [ '1.1.0' ],
1103 silly audit   'string.prototype.includes': [ '2.0.1' ],
1103 silly audit   'string.prototype.matchall': [ '4.0.12' ],
1103 silly audit   'string.prototype.repeat': [ '1.0.0' ],
1103 silly audit   'string.prototype.trim': [ '1.2.11' ],
1103 silly audit   'string.prototype.trimend': [ '1.0.10' ],
1103 silly audit   'string.prototype.trimstart': [ '1.0.8' ],
1103 silly audit   'strip-bom': [ '3.0.0' ],
1103 silly audit   'strip-json-comments': [ '3.1.1' ],
1103 silly audit   'styled-jsx': [ '5.1.6' ],
1103 silly audit   'supports-color': [ '7.2.0' ],
1103 silly audit   'supports-preserve-symlinks-flag': [ '1.0.0' ],
1103 silly audit   'suspend-react': [ '0.1.3' ],
1103 silly audit   swiper: [ '14.0.7' ],
1103 silly audit   'tailwind-merge': [ '3.6.0' ],
1103 silly audit   tailwindcss: [ '4.3.3' ],
1103 silly audit   tapable: [ '2.3.3' ],
1103 silly audit   three: [ '0.185.1' ],
1103 silly audit   tinyglobby: [ '0.2.17' ],
1103 silly audit   fdir: [ '6.5.0' ],
1103 silly audit   'to-regex-range': [ '5.0.1' ],
1103 silly audit   'ts-api-utils': [ '2.5.0' ],
1103 silly audit   'tsconfig-paths': [ '3.15.0' ],
1103 silly audit   tslib: [ '2.8.1' ],
1103 silly audit   'type-check': [ '0.4.0' ],
1103 silly audit   'typed-array-buffer': [ '1.0.3' ],
1103 silly audit   'typed-array-byte-length': [ '1.0.3' ],
1103 silly audit   'typed-array-byte-offset': [ '1.0.4' ],
1103 silly audit   'typed-array-length': [ '1.0.8' ],
1103 silly audit   typescript: [ '5.9.3' ],
1103 silly audit   'typescript-eslint': [ '8.66.0' ],
1103 silly audit   'unbox-primitive': [ '1.1.0' ],
1103 silly audit   'undici-types': [ '6.21.0' ],
1103 silly audit   'unrs-resolver': [ '1.12.2' ],
1103 silly audit   'update-browserslist-db': [ '1.2.3' ],
1103 silly audit   'uri-js': [ '4.4.1' ],
1103 silly audit   'use-sync-external-store': [ '1.6.0' ],
1103 silly audit   which: [ '2.0.2' ],
1103 silly audit   'which-boxed-primitive': [ '1.1.1' ],
1103 silly audit   'which-builtin-type': [ '1.2.1' ],
1103 silly audit   'which-collection': [ '1.0.2' ],
1103 silly audit   'which-typed-array': [ '1.1.22' ],
1103 silly audit   'word-wrap': [ '1.2.5' ],
1103 silly audit   yallist: [ '3.1.1', '4.0.0' ],
1103 silly audit   'yocto-queue': [ '0.1.0' ],
1103 silly audit   zod: [ '4.4.3' ],
1103 silly audit   'zod-validation-error': [ '4.0.2' ],
1103 silly audit   zustand: [ '5.0.14' ],
1103 silly audit   firebase: [ '12.17.1' ],
1103 silly audit   'firebase-admin': [ '13.10.0' ],
1103 silly audit   '@firebase/ai': [ '2.14.0' ],
1103 silly audit   '@firebase/app': [ '0.16.0' ],
1103 silly audit   '@firebase/app-types': [ '0.9.5' ],
1103 silly audit   '@firebase/analytics': [ '0.10.23' ],
1103 silly audit   '@firebase/analytics-compat': [ '0.2.29' ],
1103 silly audit   '@firebase/app-compat': [ '0.5.16' ],
1103 silly audit   '@firebase/app-check': [ '0.13.0' ],
1103 silly audit   '@firebase/app-check-compat': [ '0.4.6' ],
1103 silly audit   '@firebase/auth': [ '1.13.4' ],
1103 silly audit   '@firebase/auth-compat': [ '0.6.9' ],
1103 silly audit   '@firebase/data-connect': [ '0.7.3' ],
1103 silly audit   '@firebase/database': [ '1.1.4' ],
1103 silly audit   '@firebase/database-compat': [ '2.1.6' ],
1103 silly audit   '@firebase/firestore': [ '4.17.0' ],
1103 silly audit   '@firebase/firestore-compat': [ '0.4.12' ],
1103 silly audit   '@firebase/functions': [ '0.13.6' ],
1103 silly audit   '@firebase/functions-compat': [ '0.4.6' ],
1103 silly audit   '@firebase/installations': [ '0.6.23' ],
1103 silly audit   '@firebase/installations-compat': [ '0.2.23' ],
1103 silly audit   '@firebase/messaging': [ '0.13.1' ],
1103 silly audit   '@firebase/messaging-compat': [ '0.2.28' ],
1103 silly audit   '@firebase/performance': [ '0.7.13' ],
1103 silly audit   '@firebase/performance-compat': [ '0.2.26' ],
1103 silly audit   '@firebase/remote-config': [ '0.9.1' ],
1103 silly audit   '@firebase/remote-config-compat': [ '0.2.28' ],
1103 silly audit   '@firebase/storage': [ '0.14.4' ],
1103 silly audit   '@firebase/storage-compat': [ '0.4.4' ],
1103 silly audit   '@firebase/util': [ '1.15.2' ],
1103 silly audit   '@firebase/app-check-interop-types': [ '0.3.4' ],
1103 silly audit   '@firebase/component': [ '0.7.4' ],
1103 silly audit   '@firebase/logger': [ '0.5.1' ],
1103 silly audit   '@firebase/analytics-types': [ '0.8.4' ],
1103 silly audit   idb: [ '7.1.1' ],
1103 silly audit   '@firebase/app-check-types': [ '0.5.4' ],
1103 silly audit   '@firebase/auth-types': [ '0.13.1' ],
1103 silly audit   '@firebase/auth-interop-types': [ '0.2.5' ],
1103 silly audit   'faye-websocket': [ '0.11.4' ],
1103 silly audit   '@firebase/database-types': [ '1.0.21' ],
1103 silly audit   '@firebase/webchannel-wrapper': [ '1.0.6' ],
1103 silly audit   '@grpc/grpc-js': [ '1.9.16', '1.14.4' ],
1103 silly audit   '@grpc/proto-loader': [ '0.7.15', '0.8.1' ],
1103 silly audit   re2js: [ '2.8.6' ],
1103 silly audit   '@firebase/firestore-types': [ '3.0.4' ],
1103 silly audit   '@firebase/messaging-interop-types': [ '0.2.5' ],
1103 silly audit   '@firebase/functions-types': [ '0.6.4' ],
1103 silly audit   '@firebase/installations-types': [ '0.5.4' ],
1103 silly audit   'web-vitals': [ '4.2.4' ],
1103 silly audit   '@firebase/performance-types': [ '0.2.4' ],
1103 silly audit   '@firebase/remote-config-types': [ '0.5.1' ],
1103 silly audit   '@firebase/storage-types': [ '0.8.4' ],
1103 silly audit   'lodash.camelcase': [ '4.3.0' ],
1103 silly audit   long: [ '5.3.2' ],
1103 silly audit   protobufjs: [ '7.6.5' ],
1103 silly audit   yargs: [ '17.7.3' ],
1103 silly audit   'websocket-driver': [ '0.7.5' ],
1103 silly audit   '@fastify/busboy': [ '3.2.1' ],
1103 silly audit   '@google-cloud/firestore': [ '7.11.6' ],
1103 silly audit   '@google-cloud/storage': [ '7.22.0' ],
1103 silly audit   'farmhash-modern': [ '1.1.0' ],
1103 silly audit   'google-auth-library': [ '10.9.1', '9.15.1' ],
1103 silly audit   jsonwebtoken: [ '9.0.3' ],
1103 silly audit   'jwks-rsa': [ '3.2.2' ],
1103 silly audit   '@opentelemetry/api': [ '1.9.1' ],
1103 silly audit   'functional-red-black-tree': [ '1.0.1' ],
1103 silly audit   'google-gax': [ '4.6.1' ],
1103 silly audit   '@google-cloud/paginator': [ '5.0.2' ],
1103 silly audit   '@google-cloud/projectify': [ '4.0.0' ],
1103 silly audit   '@google-cloud/promisify': [ '4.0.0' ],
1103 silly audit   'abort-controller': [ '3.0.0' ],
1103 silly audit   'async-retry': [ '1.3.3' ],
1103 silly audit   duplexify: [ '4.1.3' ],
1103 silly audit   'fast-xml-parser': [ '5.10.1' ],
1103 silly audit   gaxios: [ '6.7.1', '7.3.1' ],
1103 silly audit   'html-entities': [ '2.6.0' ],
1103 silly audit   mime: [ '3.0.0' ],
1103 silly audit   'retry-request': [ '7.0.2' ],
1103 silly audit   'teeny-request': [ '9.0.0' ],
1103 silly audit   arrify: [ '2.0.1' ],
1103 silly audit   extend: [ '3.0.2' ],
1103 silly audit   'event-target-shim': [ '5.0.1' ],
1103 silly audit   retry: [ '0.13.1' ],
1103 silly audit   'end-of-stream': [ '1.4.5' ],
1103 silly audit   inherits: [ '2.0.4' ],
1103 silly audit   'readable-stream': [ '3.6.2' ],
1103 silly audit   'stream-shift': [ '1.0.3' ],
1103 silly audit   once: [ '1.4.0' ],
1103 silly audit   '@nodable/entities': [ '3.0.0' ],
1103 silly audit   'fast-xml-builder': [ '1.3.1' ],
1103 silly audit   'is-unsafe': [ '2.0.0' ],
1103 silly audit   'path-expression-matcher': [ '1.6.2' ],
1103 silly audit   strnum: [ '2.4.2' ],
1103 silly audit   'xml-naming': [ '0.3.0' ],
1103 silly audit   'https-proxy-agent': [ '7.0.6', '5.0.1' ],
1103 silly audit   'is-stream': [ '2.0.1' ],
1103 silly audit   'node-fetch': [ '2.7.0', '3.3.2' ],
1103 silly audit   uuid: [ '9.0.1' ],
1103 silly audit   'ecdsa-sig-formatter': [ '1.0.11' ],
1103 silly audit   'gcp-metadata': [ '8.1.2', '6.1.1' ],
1103 silly audit   'google-logging-utils': [ '1.1.3', '0.0.2' ],
1103 silly audit   jws: [ '4.0.1' ],
1103 silly audit   'safe-buffer': [ '5.2.1' ],
1103 silly audit   'json-bigint': [ '1.0.0' ],
1103 silly audit   '@types/long': [ '4.0.2' ],
1103 silly audit   'object-hash': [ '3.0.0' ],
1103 silly audit   'proto3-json-serializer': [ '2.0.2' ],
1103 silly audit   'agent-base': [ '7.1.4', '6.0.2' ],
1103 silly audit   'bignumber.js': [ '9.3.1' ],
1103 silly audit   'lodash.includes': [ '4.3.0' ],
1103 silly audit   'lodash.isboolean': [ '3.0.3' ],
1103 silly audit   'lodash.isinteger': [ '4.0.4' ],
1103 silly audit   'lodash.isnumber': [ '3.0.3' ],
1103 silly audit   'lodash.isplainobject': [ '4.0.6' ],
1103 silly audit   'lodash.isstring': [ '4.0.1' ],
1103 silly audit   'lodash.once': [ '4.1.1' ],
1103 silly audit   '@types/jsonwebtoken': [ '9.0.10' ],
1103 silly audit   jose: [ '4.15.9' ],
1103 silly audit   limiter: [ '1.1.5' ],
1103 silly audit   'lru-memoizer': [ '2.3.0' ],
1103 silly audit   '@types/ms': [ '2.1.0' ],
1103 silly audit   jwa: [ '2.0.1' ],
1103 silly audit   'buffer-equal-constant-time': [ '1.0.1' ],
1103 silly audit   'lodash.clonedeep': [ '4.5.0' ],
1103 silly audit   'whatwg-url': [ '5.0.0' ],
1103 silly audit   wrappy: [ '1.0.2' ],
1103 silly audit   '@protobufjs/aspromise': [ '1.1.2' ],
1103 silly audit   '@protobufjs/base64': [ '1.1.2' ],
1103 silly audit   '@protobufjs/codegen': [ '2.0.5' ],
1103 silly audit   '@protobufjs/eventemitter': [ '1.1.1' ],
1103 silly audit   '@protobufjs/fetch': [ '1.1.1' ],
1103 silly audit   '@protobufjs/float': [ '1.0.2' ],
1103 silly audit   '@protobufjs/path': [ '1.1.2' ],
1103 silly audit   '@protobufjs/pool': [ '1.1.0' ],
1103 silly audit   '@protobufjs/utf8': [ '1.1.2' ],
1103 silly audit   string_decoder: [ '1.3.0' ],
1103 silly audit   'util-deprecate': [ '1.0.2' ],
1103 silly audit   '@types/request': [ '2.48.13' ],
1103 silly audit   '@types/caseless': [ '0.12.5' ],
1103 silly audit   '@types/tough-cookie': [ '4.0.5' ],
1103 silly audit   'form-data': [ '2.5.6' ],
1103 silly audit   asynckit: [ '0.4.0' ],
1103 silly audit   'combined-stream': [ '1.0.8' ],
1103 silly audit   'mime-types': [ '2.1.35' ],
1103 silly audit   'delayed-stream': [ '1.0.0' ],
1103 silly audit   'mime-db': [ '1.52.0' ],
1103 silly audit   anynum: [ '1.0.1' ],
1103 silly audit   'http-proxy-agent': [ '5.0.0' ],
1103 silly audit   'stream-events': [ '1.0.5' ],
1103 silly audit   '@tootallnate/once': [ '2.0.1' ],
1103 silly audit   stubs: [ '3.0.0' ],
1103 silly audit   'http-parser-js': [ '0.5.10' ],
1103 silly audit   'websocket-extensions': [ '0.1.4' ],
1103 silly audit   tr46: [ '0.0.3' ],
1103 silly audit   'webidl-conversions': [ '3.0.1' ],
1103 silly audit   cliui: [ '8.0.1' ],
1103 silly audit   'get-caller-file': [ '2.0.5' ],
1103 silly audit   'require-directory': [ '2.1.1' ],
1103 silly audit   'string-width': [ '4.2.3' ],
1103 silly audit   y18n: [ '5.0.8' ],
1103 silly audit   'yargs-parser': [ '21.1.1' ],
1103 silly audit   'strip-ansi': [ '6.0.1' ],
1103 silly audit   'wrap-ansi': [ '7.0.0' ],
1103 silly audit   'is-fullwidth-code-point': [ '3.0.0' ],
1103 silly audit   'ansi-regex': [ '5.0.1' ],
1103 silly audit   gtoken: [ '7.1.0' ],
1103 silly audit   'data-uri-to-buffer': [ '4.0.1' ],
1103 silly audit   'fetch-blob': [ '3.2.0' ],
1103 silly audit   'formdata-polyfill': [ '4.0.10' ],
1103 silly audit   'node-domexception': [ '1.0.0' ],
1103 silly audit   'web-streams-polyfill': [ '3.3.3' ],
1103 silly audit   '@js-sdsl/ordered-map': [ '4.4.2' ]
1103 silly audit }
1104 http cache formdata-polyfill@https://registry.npmjs.org/formdata-polyfill/-/formdata-polyfill-4.0.10.tgz 0ms (cache hit)
1105 http cache @js-sdsl/ordered-map@https://registry.npmjs.org/@js-sdsl/ordered-map/-/ordered-map-4.4.2.tgz 0ms (cache hit)
1106 http cache web-streams-polyfill@https://registry.npmjs.org/web-streams-polyfill/-/web-streams-polyfill-3.3.3.tgz 0ms (cache hit)
1107 http cache node-domexception@https://registry.npmjs.org/node-domexception/-/node-domexception-1.0.0.tgz 0ms (cache hit)
1108 http cache fetch-blob@https://registry.npmjs.org/fetch-blob/-/fetch-blob-3.2.0.tgz 0ms (cache hit)
1109 http cache ansi-regex@https://registry.npmjs.org/ansi-regex/-/ansi-regex-5.0.1.tgz 1ms (cache hit)
1110 http cache gtoken@https://registry.npmjs.org/gtoken/-/gtoken-7.1.0.tgz 0ms (cache hit)
1111 http cache data-uri-to-buffer@https://registry.npmjs.org/data-uri-to-buffer/-/data-uri-to-buffer-4.0.1.tgz 0ms (cache hit)
1112 http cache is-fullwidth-code-point@https://registry.npmjs.org/is-fullwidth-code-point/-/is-fullwidth-code-point-3.0.0.tgz 0ms (cache hit)
1113 http cache wrap-ansi@https://registry.npmjs.org/wrap-ansi/-/wrap-ansi-7.0.0.tgz 0ms (cache hit)
1114 http cache yargs-parser@https://registry.npmjs.org/yargs-parser/-/yargs-parser-21.1.1.tgz 0ms (cache hit)
1115 http cache y18n@https://registry.npmjs.org/y18n/-/y18n-5.0.8.tgz 0ms (cache hit)
1116 http cache require-directory@https://registry.npmjs.org/require-directory/-/require-directory-2.1.1.tgz 0ms (cache hit)
1117 http cache string-width@https://registry.npmjs.org/string-width/-/string-width-4.2.3.tgz 0ms (cache hit)
1118 http cache strip-ansi@https://registry.npmjs.org/strip-ansi/-/strip-ansi-6.0.1.tgz 0ms (cache hit)
1119 http cache get-caller-file@https://registry.npmjs.org/get-caller-file/-/get-caller-file-2.0.5.tgz 0ms (cache hit)
1120 http cache cliui@https://registry.npmjs.org/cliui/-/cliui-8.0.1.tgz 0ms (cache hit)
1121 http cache webidl-conversions@https://registry.npmjs.org/webidl-conversions/-/webidl-conversions-3.0.1.tgz 0ms (cache hit)
1122 http cache websocket-extensions@https://registry.npmjs.org/websocket-extensions/-/websocket-extensions-0.1.4.tgz 0ms (cache hit)
1123 http cache http-parser-js@https://registry.npmjs.org/http-parser-js/-/http-parser-js-0.5.10.tgz 0ms (cache hit)
1124 http cache @tootallnate/once@https://registry.npmjs.org/@tootallnate/once/-/once-2.0.1.tgz 0ms (cache hit)
1125 http cache tr46@https://registry.npmjs.org/tr46/-/tr46-0.0.3.tgz 0ms (cache hit)
1126 http cache stubs@https://registry.npmjs.org/stubs/-/stubs-3.0.0.tgz 0ms (cache hit)
1127 http cache stream-events@https://registry.npmjs.org/stream-events/-/stream-events-1.0.5.tgz 0ms (cache hit)
1128 http cache anynum@https://registry.npmjs.org/anynum/-/anynum-1.0.1.tgz 0ms (cache hit)
1129 http cache delayed-stream@https://registry.npmjs.org/delayed-stream/-/delayed-stream-1.0.0.tgz 0ms (cache hit)
1130 http cache mime-db@https://registry.npmjs.org/mime-db/-/mime-db-1.52.0.tgz 0ms (cache hit)
1131 http cache mime-types@https://registry.npmjs.org/mime-types/-/mime-types-2.1.35.tgz 0ms (cache hit)
1132 http cache http-proxy-agent@https://registry.npmjs.org/http-proxy-agent/-/http-proxy-agent-5.0.0.tgz 0ms (cache hit)
1133 http cache combined-stream@https://registry.npmjs.org/combined-stream/-/combined-stream-1.0.8.tgz 0ms (cache hit)
1134 http cache form-data@https://registry.npmjs.org/form-data/-/form-data-2.5.6.tgz 0ms (cache hit)
1135 http cache asynckit@https://registry.npmjs.org/asynckit/-/asynckit-0.4.0.tgz 0ms (cache hit)
1136 http cache @types/caseless@https://registry.npmjs.org/@types/caseless/-/caseless-0.12.5.tgz 0ms (cache hit)
1137 http cache util-deprecate@https://registry.npmjs.org/util-deprecate/-/util-deprecate-1.0.2.tgz 0ms (cache hit)
1138 http cache string_decoder@https://registry.npmjs.org/string_decoder/-/string_decoder-1.3.0.tgz 0ms (cache hit)
1139 http cache @types/request@https://registry.npmjs.org/@types/request/-/request-2.48.13.tgz 0ms (cache hit)
1140 http cache @types/tough-cookie@https://registry.npmjs.org/@types/tough-cookie/-/tough-cookie-4.0.5.tgz 0ms (cache hit)
1141 http cache @protobufjs/utf8@https://registry.npmjs.org/@protobufjs/utf8/-/utf8-1.1.2.tgz 0ms (cache hit)
1142 http cache @protobufjs/pool@https://registry.npmjs.org/@protobufjs/pool/-/pool-1.1.0.tgz 0ms (cache hit)
1143 http cache @protobufjs/fetch@https://registry.npmjs.org/@protobufjs/fetch/-/fetch-1.1.1.tgz 0ms (cache hit)
1144 http cache @protobufjs/eventemitter@https://registry.npmjs.org/@protobufjs/eventemitter/-/eventemitter-1.1.1.tgz 0ms (cache hit)
1145 http cache @protobufjs/path@https://registry.npmjs.org/@protobufjs/path/-/path-1.1.2.tgz 0ms (cache hit)
1146 http cache @protobufjs/codegen@https://registry.npmjs.org/@protobufjs/codegen/-/codegen-2.0.5.tgz 0ms (cache hit)
1147 http cache @protobufjs/float@https://registry.npmjs.org/@protobufjs/float/-/float-1.0.2.tgz 0ms (cache hit)
1148 http cache @protobufjs/base64@https://registry.npmjs.org/@protobufjs/base64/-/base64-1.1.2.tgz 0ms (cache hit)
1149 http cache @protobufjs/aspromise@https://registry.npmjs.org/@protobufjs/aspromise/-/aspromise-1.1.2.tgz 0ms (cache hit)
1150 http cache whatwg-url@https://registry.npmjs.org/whatwg-url/-/whatwg-url-5.0.0.tgz 0ms (cache hit)
1151 http cache lodash.clonedeep@https://registry.npmjs.org/lodash.clonedeep/-/lodash.clonedeep-4.5.0.tgz 0ms (cache hit)
1152 http cache buffer-equal-constant-time@https://registry.npmjs.org/buffer-equal-constant-time/-/buffer-equal-constant-time-1.0.1.tgz 0ms (cache hit)
1153 http cache @types/ms@https://registry.npmjs.org/@types/ms/-/ms-2.1.0.tgz 0ms (cache hit)
1154 http cache jwa@https://registry.npmjs.org/jwa/-/jwa-2.0.1.tgz 0ms (cache hit)
1155 http cache wrappy@https://registry.npmjs.org/wrappy/-/wrappy-1.0.2.tgz 0ms (cache hit)
1156 http cache @types/jsonwebtoken@https://registry.npmjs.org/@types/jsonwebtoken/-/jsonwebtoken-9.0.10.tgz 0ms (cache hit)
1157 http cache limiter@https://registry.npmjs.org/limiter/-/limiter-1.1.5.tgz 0ms (cache hit)
1158 http cache lodash.once@https://registry.npmjs.org/lodash.once/-/lodash.once-4.1.1.tgz 0ms (cache hit)
1159 http cache lru-memoizer@https://registry.npmjs.org/lru-memoizer/-/lru-memoizer-2.3.0.tgz 0ms (cache hit)
1160 http cache lodash.isplainobject@https://registry.npmjs.org/lodash.isplainobject/-/lodash.isplainobject-4.0.6.tgz 0ms (cache hit)
1161 http cache jose@https://registry.npmjs.org/jose/-/jose-4.15.9.tgz 0ms (cache hit)
1162 http cache lodash.isstring@https://registry.npmjs.org/lodash.isstring/-/lodash.isstring-4.0.1.tgz 0ms (cache hit)
1163 http cache lodash.isnumber@https://registry.npmjs.org/lodash.isnumber/-/lodash.isnumber-3.0.3.tgz 0ms (cache hit)
1164 http cache lodash.isboolean@https://registry.npmjs.org/lodash.isboolean/-/lodash.isboolean-3.0.3.tgz 0ms (cache hit)
1165 http cache lodash.includes@https://registry.npmjs.org/lodash.includes/-/lodash.includes-4.3.0.tgz 0ms (cache hit)
1166 http cache bignumber.js@https://registry.npmjs.org/bignumber.js/-/bignumber.js-9.3.1.tgz 0ms (cache hit)
1167 http cache lodash.isinteger@https://registry.npmjs.org/lodash.isinteger/-/lodash.isinteger-4.0.4.tgz 0ms (cache hit)
1168 http cache agent-base@https://registry.npmjs.org/agent-base/-/agent-base-7.1.4.tgz 0ms (cache hit)
1169 http cache proto3-json-serializer@https://registry.npmjs.org/proto3-json-serializer/-/proto3-json-serializer-2.0.2.tgz 0ms (cache hit)
1170 http cache json-bigint@https://registry.npmjs.org/json-bigint/-/json-bigint-1.0.0.tgz 0ms (cache hit)
1171 http cache safe-buffer@https://registry.npmjs.org/safe-buffer/-/safe-buffer-5.2.1.tgz 0ms (cache hit)
1172 http cache object-hash@https://registry.npmjs.org/object-hash/-/object-hash-3.0.0.tgz 0ms (cache hit)
1173 http cache @types/long@https://registry.npmjs.org/@types/long/-/long-4.0.2.tgz 0ms (cache hit)
1174 http cache jws@https://registry.npmjs.org/jws/-/jws-4.0.1.tgz 0ms (cache hit)
1175 http cache gcp-metadata@https://registry.npmjs.org/gcp-metadata/-/gcp-metadata-8.1.2.tgz 0ms (cache hit)
1176 http cache uuid@https://registry.npmjs.org/uuid/-/uuid-9.0.1.tgz 0ms (cache hit)
1177 http cache is-stream@https://registry.npmjs.org/is-stream/-/is-stream-2.0.1.tgz 1ms (cache hit)
1178 http cache google-logging-utils@https://registry.npmjs.org/google-logging-utils/-/google-logging-utils-1.1.3.tgz 0ms (cache hit)
1179 http cache ecdsa-sig-formatter@https://registry.npmjs.org/ecdsa-sig-formatter/-/ecdsa-sig-formatter-1.0.11.tgz 0ms (cache hit)
1180 http cache node-fetch@https://registry.npmjs.org/node-fetch/-/node-fetch-2.7.0.tgz 0ms (cache hit)
1181 http cache https-proxy-agent@https://registry.npmjs.org/https-proxy-agent/-/https-proxy-agent-7.0.6.tgz 0ms (cache hit)
1182 http cache strnum@https://registry.npmjs.org/strnum/-/strnum-2.4.2.tgz 0ms (cache hit)
1183 http cache is-unsafe@https://registry.npmjs.org/is-unsafe/-/is-unsafe-2.0.0.tgz 0ms (cache hit)
1184 http cache xml-naming@https://registry.npmjs.org/xml-naming/-/xml-naming-0.3.0.tgz 0ms (cache hit)
1185 http cache path-expression-matcher@https://registry.npmjs.org/path-expression-matcher/-/path-expression-matcher-1.6.2.tgz 0ms (cache hit)
1186 http cache @nodable/entities@https://registry.npmjs.org/@nodable/entities/-/entities-3.0.0.tgz 0ms (cache hit)
1187 http cache fast-xml-builder@https://registry.npmjs.org/fast-xml-builder/-/fast-xml-builder-1.3.1.tgz 0ms (cache hit)
1188 http cache stream-shift@https://registry.npmjs.org/stream-shift/-/stream-shift-1.0.3.tgz 0ms (cache hit)
1189 http cache readable-stream@https://registry.npmjs.org/readable-stream/-/readable-stream-3.6.2.tgz 0ms (cache hit)
1190 http cache inherits@https://registry.npmjs.org/inherits/-/inherits-2.0.4.tgz 0ms (cache hit)
1191 http cache once@https://registry.npmjs.org/once/-/once-1.4.0.tgz 0ms (cache hit)
1192 http cache event-target-shim@https://registry.npmjs.org/event-target-shim/-/event-target-shim-5.0.1.tgz 0ms (cache hit)
1193 http cache end-of-stream@https://registry.npmjs.org/end-of-stream/-/end-of-stream-1.4.5.tgz 0ms (cache hit)
1194 http cache retry@https://registry.npmjs.org/retry/-/retry-0.13.1.tgz 0ms (cache hit)
1195 http cache arrify@https://registry.npmjs.org/arrify/-/arrify-2.0.1.tgz 0ms (cache hit)
1196 http cache retry-request@https://registry.npmjs.org/retry-request/-/retry-request-7.0.2.tgz 0ms (cache hit)
1197 http cache teeny-request@https://registry.npmjs.org/teeny-request/-/teeny-request-9.0.0.tgz 0ms (cache hit)
1198 http cache mime@https://registry.npmjs.org/mime/-/mime-3.0.0.tgz 0ms (cache hit)
1199 http cache extend@https://registry.npmjs.org/extend/-/extend-3.0.2.tgz 0ms (cache hit)
1200 http cache html-entities@https://registry.npmjs.org/html-entities/-/html-entities-2.6.0.tgz 0ms (cache hit)
1201 http cache duplexify@https://registry.npmjs.org/duplexify/-/duplexify-4.1.3.tgz 0ms (cache hit)
1202 http cache gaxios@https://registry.npmjs.org/gaxios/-/gaxios-6.7.1.tgz 0ms (cache hit)
1203 http cache abort-controller@https://registry.npmjs.org/abort-controller/-/abort-controller-3.0.0.tgz 0ms (cache hit)
1204 http cache async-retry@https://registry.npmjs.org/async-retry/-/async-retry-1.3.3.tgz 0ms (cache hit)
1205 http cache @google-cloud/projectify@https://registry.npmjs.org/@google-cloud/projectify/-/projectify-4.0.0.tgz 0ms (cache hit)
1206 http cache @google-cloud/promisify@https://registry.npmjs.org/@google-cloud/promisify/-/promisify-4.0.0.tgz 0ms (cache hit)
1207 http cache fast-xml-parser@https://registry.npmjs.org/fast-xml-parser/-/fast-xml-parser-5.10.1.tgz 0ms (cache hit)
1208 http cache google-gax@https://registry.npmjs.org/google-gax/-/google-gax-4.6.1.tgz 0ms (cache hit)
1209 http cache functional-red-black-tree@https://registry.npmjs.org/functional-red-black-tree/-/functional-red-black-tree-1.0.1.tgz 0ms (cache hit)
1210 http cache @google-cloud/paginator@https://registry.npmjs.org/@google-cloud/paginator/-/paginator-5.0.2.tgz 0ms (cache hit)
1211 http cache jwks-rsa@https://registry.npmjs.org/jwks-rsa/-/jwks-rsa-3.2.2.tgz 0ms (cache hit)
1212 http cache jsonwebtoken@https://registry.npmjs.org/jsonwebtoken/-/jsonwebtoken-9.0.3.tgz 0ms (cache hit)
1213 http cache google-auth-library@https://registry.npmjs.org/google-auth-library/-/google-auth-library-10.9.1.tgz 0ms (cache hit)
1214 http cache @opentelemetry/api@https://registry.npmjs.org/@opentelemetry/api/-/api-1.9.1.tgz 0ms (cache hit)
1215 http cache farmhash-modern@https://registry.npmjs.org/farmhash-modern/-/farmhash-modern-1.1.0.tgz 0ms (cache hit)
1216 http cache @google-cloud/storage@https://registry.npmjs.org/@google-cloud/storage/-/storage-7.22.0.tgz 0ms (cache hit)
1217 http cache @google-cloud/firestore@https://registry.npmjs.org/@google-cloud/firestore/-/firestore-7.11.6.tgz 0ms (cache hit)
1218 http cache websocket-driver@https://registry.npmjs.org/websocket-driver/-/websocket-driver-0.7.5.tgz 1ms (cache hit)
1219 http cache protobufjs@https://registry.npmjs.org/protobufjs/-/protobufjs-7.6.5.tgz 0ms (cache hit)
1220 http cache yargs@https://registry.npmjs.org/yargs/-/yargs-17.7.3.tgz 0ms (cache hit)
1221 http cache @fastify/busboy@https://registry.npmjs.org/@fastify/busboy/-/busboy-3.2.1.tgz 0ms (cache hit)
1222 http cache long@https://registry.npmjs.org/long/-/long-5.3.2.tgz 0ms (cache hit)
1223 http cache lodash.camelcase@https://registry.npmjs.org/lodash.camelcase/-/lodash.camelcase-4.3.0.tgz 1ms (cache hit)
1224 http cache web-vitals@https://registry.npmjs.org/web-vitals/-/web-vitals-4.2.4.tgz 0ms (cache hit)
1225 http cache @firebase/performance-types@https://registry.npmjs.org/@firebase/performance-types/-/performance-types-0.2.4.tgz 0ms (cache hit)
1226 http cache @firebase/storage-types@https://registry.npmjs.org/@firebase/storage-types/-/storage-types-0.8.4.tgz 0ms (cache hit)
1227 http cache @firebase/installations-types@https://registry.npmjs.org/@firebase/installations-types/-/installations-types-0.5.4.tgz 0ms (cache hit)
1228 http cache @firebase/remote-config-types@https://registry.npmjs.org/@firebase/remote-config-types/-/remote-config-types-0.5.1.tgz 0ms (cache hit)
1229 http cache re2js@https://registry.npmjs.org/re2js/-/re2js-2.8.6.tgz 0ms (cache hit)
1230 http cache @firebase/messaging-interop-types@https://registry.npmjs.org/@firebase/messaging-interop-types/-/messaging-interop-types-0.2.5.tgz 0ms (cache hit)
1231 http cache @firebase/functions-types@https://registry.npmjs.org/@firebase/functions-types/-/functions-types-0.6.4.tgz 0ms (cache hit)
1232 http cache @grpc/proto-loader@https://registry.npmjs.org/@grpc/proto-loader/-/proto-loader-0.7.15.tgz 0ms (cache hit)
1233 http cache @grpc/grpc-js@https://registry.npmjs.org/@grpc/grpc-js/-/grpc-js-1.9.16.tgz 0ms (cache hit)
1234 http cache faye-websocket@https://registry.npmjs.org/faye-websocket/-/faye-websocket-0.11.4.tgz 0ms (cache hit)
1235 http cache @firebase/firestore-types@https://registry.npmjs.org/@firebase/firestore-types/-/firestore-types-3.0.4.tgz 0ms (cache hit)
1236 http cache @firebase/webchannel-wrapper@https://registry.npmjs.org/@firebase/webchannel-wrapper/-/webchannel-wrapper-1.0.6.tgz 0ms (cache hit)
1237 http cache @firebase/database-types@https://registry.npmjs.org/@firebase/database-types/-/database-types-1.0.21.tgz 0ms (cache hit)
1238 http cache idb@https://registry.npmjs.org/idb/-/idb-7.1.1.tgz 0ms (cache hit)
1239 http cache @firebase/auth-types@https://registry.npmjs.org/@firebase/auth-types/-/auth-types-0.13.1.tgz 0ms (cache hit)
1240 http cache @firebase/app-check-types@https://registry.npmjs.org/@firebase/app-check-types/-/app-check-types-0.5.4.tgz 0ms (cache hit)
1241 http cache @firebase/auth-interop-types@https://registry.npmjs.org/@firebase/auth-interop-types/-/auth-interop-types-0.2.5.tgz 0ms (cache hit)
1242 http cache @firebase/logger@https://registry.npmjs.org/@firebase/logger/-/logger-0.5.1.tgz 0ms (cache hit)
1243 http cache @firebase/analytics-types@https://registry.npmjs.org/@firebase/analytics-types/-/analytics-types-0.8.4.tgz 0ms (cache hit)
1244 http cache @firebase/component@https://registry.npmjs.org/@firebase/component/-/component-0.7.4.tgz 0ms (cache hit)
1245 http cache @firebase/util@https://registry.npmjs.org/@firebase/util/-/util-1.15.2.tgz 0ms (cache hit)
1246 http cache @firebase/storage-compat@https://registry.npmjs.org/@firebase/storage-compat/-/storage-compat-0.4.4.tgz 0ms (cache hit)
1247 http cache @firebase/storage@https://registry.npmjs.org/@firebase/storage/-/storage-0.14.4.tgz 0ms (cache hit)
1248 http cache @firebase/remote-config-compat@https://registry.npmjs.org/@firebase/remote-config-compat/-/remote-config-compat-0.2.28.tgz 0ms (cache hit)
1249 http cache @firebase/app-check-interop-types@https://registry.npmjs.org/@firebase/app-check-interop-types/-/app-check-interop-types-0.3.4.tgz 0ms (cache hit)
1250 http cache @firebase/performance-compat@https://registry.npmjs.org/@firebase/performance-compat/-/performance-compat-0.2.26.tgz 0ms (cache hit)
1251 http cache @firebase/remote-config@https://registry.npmjs.org/@firebase/remote-config/-/remote-config-0.9.1.tgz 0ms (cache hit)
1252 http cache @firebase/performance@https://registry.npmjs.org/@firebase/performance/-/performance-0.7.13.tgz 0ms (cache hit)
1253 http cache @firebase/messaging@https://registry.npmjs.org/@firebase/messaging/-/messaging-0.13.1.tgz 0ms (cache hit)
1254 http cache @firebase/installations-compat@https://registry.npmjs.org/@firebase/installations-compat/-/installations-compat-0.2.23.tgz 1ms (cache hit)
1255 http cache @firebase/installations@https://registry.npmjs.org/@firebase/installations/-/installations-0.6.23.tgz 0ms (cache hit)
1256 http cache @firebase/messaging-compat@https://registry.npmjs.org/@firebase/messaging-compat/-/messaging-compat-0.2.28.tgz 0ms (cache hit)
1257 http cache @firebase/functions-compat@https://registry.npmjs.org/@firebase/functions-compat/-/functions-compat-0.4.6.tgz 0ms (cache hit)
1258 http cache @firebase/firestore-compat@https://registry.npmjs.org/@firebase/firestore-compat/-/firestore-compat-0.4.12.tgz 0ms (cache hit)
1259 http cache @firebase/functions@https://registry.npmjs.org/@firebase/functions/-/functions-0.13.6.tgz 0ms (cache hit)
1260 http cache @firebase/database@https://registry.npmjs.org/@firebase/database/-/database-1.1.4.tgz 0ms (cache hit)
1261 http cache @firebase/database-compat@https://registry.npmjs.org/@firebase/database-compat/-/database-compat-2.1.6.tgz 0ms (cache hit)
1262 http cache @firebase/data-connect@https://registry.npmjs.org/@firebase/data-connect/-/data-connect-0.7.3.tgz 0ms (cache hit)
1263 http cache @firebase/auth-compat@https://registry.npmjs.org/@firebase/auth-compat/-/auth-compat-0.6.9.tgz 0ms (cache hit)
1264 http cache @firebase/auth@https://registry.npmjs.org/@firebase/auth/-/auth-1.13.4.tgz 0ms (cache hit)
1265 http cache @firebase/firestore@https://registry.npmjs.org/@firebase/firestore/-/firestore-4.17.0.tgz 0ms (cache hit)
1266 http cache @firebase/app-check-compat@https://registry.npmjs.org/@firebase/app-check-compat/-/app-check-compat-0.4.6.tgz 0ms (cache hit)
1267 http cache @firebase/app-check@https://registry.npmjs.org/@firebase/app-check/-/app-check-0.13.0.tgz 0ms (cache hit)
1268 http cache @firebase/app-compat@https://registry.npmjs.org/@firebase/app-compat/-/app-compat-0.5.16.tgz 0ms (cache hit)
1269 http cache @firebase/analytics@https://registry.npmjs.org/@firebase/analytics/-/analytics-0.10.23.tgz 0ms (cache hit)
1270 http cache @firebase/app@https://registry.npmjs.org/@firebase/app/-/app-0.16.0.tgz 0ms (cache hit)
1271 http cache @firebase/app-types@https://registry.npmjs.org/@firebase/app-types/-/app-types-0.9.5.tgz 0ms (cache hit)
1272 http cache @firebase/ai@https://registry.npmjs.org/@firebase/ai/-/ai-2.14.0.tgz 0ms (cache hit)
1273 http cache @firebase/analytics-compat@https://registry.npmjs.org/@firebase/analytics-compat/-/analytics-compat-0.2.29.tgz 0ms (cache hit)
1274 http cache firebase-admin@https://registry.npmjs.org/firebase-admin/-/firebase-admin-13.10.0.tgz 0ms (cache hit)
1275 http cache firebase@https://registry.npmjs.org/firebase/-/firebase-12.17.1.tgz 0ms (cache hit)
1276 http cache emoji-regex@https://registry.npmjs.org/emoji-regex/-/emoji-regex-8.0.0.tgz 0ms (cache hit)
1277 http cache yallist@https://registry.npmjs.org/yallist/-/yallist-4.0.0.tgz 0ms (cache hit)
1278 http cache node-fetch@https://registry.npmjs.org/node-fetch/-/node-fetch-3.3.2.tgz 0ms (cache hit)
1279 http cache lru-cache@https://registry.npmjs.org/lru-cache/-/lru-cache-6.0.0.tgz 0ms (cache hit)
1280 http cache agent-base@https://registry.npmjs.org/agent-base/-/agent-base-6.0.2.tgz 0ms (cache hit)
1281 http cache agent-base@https://registry.npmjs.org/agent-base/-/agent-base-6.0.2.tgz 0ms (cache hit)
1282 http cache https-proxy-agent@https://registry.npmjs.org/https-proxy-agent/-/https-proxy-agent-5.0.1.tgz 0ms (cache hit)
1283 http cache @grpc/grpc-js@https://registry.npmjs.org/@grpc/grpc-js/-/grpc-js-1.14.4.tgz 0ms (cache hit)
1284 http cache gaxios@https://registry.npmjs.org/gaxios/-/gaxios-7.3.1.tgz 0ms (cache hit)
1285 http cache semver@https://registry.npmjs.org/semver/-/semver-7.8.5.tgz 0ms (cache hit)
1286 http cache gcp-metadata@https://registry.npmjs.org/gcp-metadata/-/gcp-metadata-6.1.1.tgz 0ms (cache hit)
1287 http cache google-logging-utils@https://registry.npmjs.org/google-logging-utils/-/google-logging-utils-0.0.2.tgz 0ms (cache hit)
1288 http cache google-auth-library@https://registry.npmjs.org/google-auth-library/-/google-auth-library-9.15.1.tgz 0ms (cache hit)
1289 http cache gcp-metadata@https://registry.npmjs.org/gcp-metadata/-/gcp-metadata-6.1.1.tgz 0ms (cache hit)
1290 http cache gaxios@https://registry.npmjs.org/gaxios/-/gaxios-7.3.1.tgz 0ms (cache hit)
1291 http cache @grpc/proto-loader@https://registry.npmjs.org/@grpc/proto-loader/-/proto-loader-0.8.1.tgz 0ms (cache hit)
1292 http cache node-fetch@https://registry.npmjs.org/node-fetch/-/node-fetch-3.3.2.tgz 0ms (cache hit)
1293 http cache google-logging-utils@https://registry.npmjs.org/google-logging-utils/-/google-logging-utils-0.0.2.tgz 0ms (cache hit)
1294 http cache google-auth-library@https://registry.npmjs.org/google-auth-library/-/google-auth-library-9.15.1.tgz 0ms (cache hit)
1295 silly tarball no local data for formdata-polyfill@https://registry.npmjs.org/formdata-polyfill/-/formdata-polyfill-4.0.10.tgz. Extracting by manifest.
1296 silly tarball no local data for @js-sdsl/ordered-map@https://registry.npmjs.org/@js-sdsl/ordered-map/-/ordered-map-4.4.2.tgz. Extracting by manifest.
1297 silly tarball no local data for web-streams-polyfill@https://registry.npmjs.org/web-streams-polyfill/-/web-streams-polyfill-3.3.3.tgz. Extracting by manifest.
1298 silly tarball no local data for node-domexception@https://registry.npmjs.org/node-domexception/-/node-domexception-1.0.0.tgz. Extracting by manifest.
1299 silly tarball no local data for fetch-blob@https://registry.npmjs.org/fetch-blob/-/fetch-blob-3.2.0.tgz. Extracting by manifest.
1300 silly tarball no local data for ansi-regex@https://registry.npmjs.org/ansi-regex/-/ansi-regex-5.0.1.tgz. Extracting by manifest.
1301 silly tarball no local data for gtoken@https://registry.npmjs.org/gtoken/-/gtoken-7.1.0.tgz. Extracting by manifest.
1302 silly tarball no local data for data-uri-to-buffer@https://registry.npmjs.org/data-uri-to-buffer/-/data-uri-to-buffer-4.0.1.tgz. Extracting by manifest.
1303 silly tarball no local data for is-fullwidth-code-point@https://registry.npmjs.org/is-fullwidth-code-point/-/is-fullwidth-code-point-3.0.0.tgz. Extracting by manifest.
1304 silly tarball no local data for wrap-ansi@https://registry.npmjs.org/wrap-ansi/-/wrap-ansi-7.0.0.tgz. Extracting by manifest.
1305 silly tarball no local data for yargs-parser@https://registry.npmjs.org/yargs-parser/-/yargs-parser-21.1.1.tgz. Extracting by manifest.
1306 silly tarball no local data for y18n@https://registry.npmjs.org/y18n/-/y18n-5.0.8.tgz. Extracting by manifest.
1307 silly tarball no local data for require-directory@https://registry.npmjs.org/require-directory/-/require-directory-2.1.1.tgz. Extracting by manifest.
1308 silly tarball no local data for string-width@https://registry.npmjs.org/string-width/-/string-width-4.2.3.tgz. Extracting by manifest.
1309 silly tarball no local data for strip-ansi@https://registry.npmjs.org/strip-ansi/-/strip-ansi-6.0.1.tgz. Extracting by manifest.
1310 silly tarball no local data for get-caller-file@https://registry.npmjs.org/get-caller-file/-/get-caller-file-2.0.5.tgz. Extracting by manifest.
1311 silly tarball no local data for cliui@https://registry.npmjs.org/cliui/-/cliui-8.0.1.tgz. Extracting by manifest.
1312 silly tarball no local data for webidl-conversions@https://registry.npmjs.org/webidl-conversions/-/webidl-conversions-3.0.1.tgz. Extracting by manifest.
1313 silly tarball no local data for websocket-extensions@https://registry.npmjs.org/websocket-extensions/-/websocket-extensions-0.1.4.tgz. Extracting by manifest.
1314 silly tarball no local data for http-parser-js@https://registry.npmjs.org/http-parser-js/-/http-parser-js-0.5.10.tgz. Extracting by manifest.
1315 silly tarball no local data for @tootallnate/once@https://registry.npmjs.org/@tootallnate/once/-/once-2.0.1.tgz. Extracting by manifest.
1316 silly tarball no local data for tr46@https://registry.npmjs.org/tr46/-/tr46-0.0.3.tgz. Extracting by manifest.
1317 silly tarball no local data for stubs@https://registry.npmjs.org/stubs/-/stubs-3.0.0.tgz. Extracting by manifest.
1318 silly tarball no local data for stream-events@https://registry.npmjs.org/stream-events/-/stream-events-1.0.5.tgz. Extracting by manifest.
1319 silly tarball no local data for anynum@https://registry.npmjs.org/anynum/-/anynum-1.0.1.tgz. Extracting by manifest.
1320 silly tarball no local data for delayed-stream@https://registry.npmjs.org/delayed-stream/-/delayed-stream-1.0.0.tgz. Extracting by manifest.
1321 silly tarball no local data for mime-db@https://registry.npmjs.org/mime-db/-/mime-db-1.52.0.tgz. Extracting by manifest.
1322 silly tarball no local data for mime-types@https://registry.npmjs.org/mime-types/-/mime-types-2.1.35.tgz. Extracting by manifest.
1323 silly tarball no local data for http-proxy-agent@https://registry.npmjs.org/http-proxy-agent/-/http-proxy-agent-5.0.0.tgz. Extracting by manifest.
1324 silly tarball no local data for combined-stream@https://registry.npmjs.org/combined-stream/-/combined-stream-1.0.8.tgz. Extracting by manifest.
1325 silly tarball no local data for form-data@https://registry.npmjs.org/form-data/-/form-data-2.5.6.tgz. Extracting by manifest.
1326 silly tarball no local data for asynckit@https://registry.npmjs.org/asynckit/-/asynckit-0.4.0.tgz. Extracting by manifest.
1327 silly tarball no local data for @types/caseless@https://registry.npmjs.org/@types/caseless/-/caseless-0.12.5.tgz. Extracting by manifest.
1328 silly tarball no local data for util-deprecate@https://registry.npmjs.org/util-deprecate/-/util-deprecate-1.0.2.tgz. Extracting by manifest.
1329 silly tarball no local data for string_decoder@https://registry.npmjs.org/string_decoder/-/string_decoder-1.3.0.tgz. Extracting by manifest.
1330 silly tarball no local data for @types/request@https://registry.npmjs.org/@types/request/-/request-2.48.13.tgz. Extracting by manifest.
1331 silly tarball no local data for @types/tough-cookie@https://registry.npmjs.org/@types/tough-cookie/-/tough-cookie-4.0.5.tgz. Extracting by manifest.
1332 silly tarball no local data for @protobufjs/utf8@https://registry.npmjs.org/@protobufjs/utf8/-/utf8-1.1.2.tgz. Extracting by manifest.
1333 silly tarball no local data for @protobufjs/pool@https://registry.npmjs.org/@protobufjs/pool/-/pool-1.1.0.tgz. Extracting by manifest.
1334 silly tarball no local data for @protobufjs/fetch@https://registry.npmjs.org/@protobufjs/fetch/-/fetch-1.1.1.tgz. Extracting by manifest.
1335 silly tarball no local data for @protobufjs/eventemitter@https://registry.npmjs.org/@protobufjs/eventemitter/-/eventemitter-1.1.1.tgz. Extracting by manifest.
1336 silly tarball no local data for @protobufjs/path@https://registry.npmjs.org/@protobufjs/path/-/path-1.1.2.tgz. Extracting by manifest.
1337 silly tarball no local data for @protobufjs/codegen@https://registry.npmjs.org/@protobufjs/codegen/-/codegen-2.0.5.tgz. Extracting by manifest.
1338 silly tarball no local data for @protobufjs/float@https://registry.npmjs.org/@protobufjs/float/-/float-1.0.2.tgz. Extracting by manifest.
1339 silly tarball no local data for @protobufjs/base64@https://registry.npmjs.org/@protobufjs/base64/-/base64-1.1.2.tgz. Extracting by manifest.
1340 silly tarball no local data for @protobufjs/aspromise@https://registry.npmjs.org/@protobufjs/aspromise/-/aspromise-1.1.2.tgz. Extracting by manifest.
1341 silly tarball no local data for whatwg-url@https://registry.npmjs.org/whatwg-url/-/whatwg-url-5.0.0.tgz. Extracting by manifest.
1342 silly tarball no local data for lodash.clonedeep@https://registry.npmjs.org/lodash.clonedeep/-/lodash.clonedeep-4.5.0.tgz. Extracting by manifest.
1343 silly tarball no local data for buffer-equal-constant-time@https://registry.npmjs.org/buffer-equal-constant-time/-/buffer-equal-constant-time-1.0.1.tgz. Extracting by manifest.
1344 silly tarball no local data for @types/ms@https://registry.npmjs.org/@types/ms/-/ms-2.1.0.tgz. Extracting by manifest.
1345 silly tarball no local data for jwa@https://registry.npmjs.org/jwa/-/jwa-2.0.1.tgz. Extracting by manifest.
1346 silly tarball no local data for wrappy@https://registry.npmjs.org/wrappy/-/wrappy-1.0.2.tgz. Extracting by manifest.
1347 silly tarball no local data for @types/jsonwebtoken@https://registry.npmjs.org/@types/jsonwebtoken/-/jsonwebtoken-9.0.10.tgz. Extracting by manifest.
1348 silly tarball no local data for limiter@https://registry.npmjs.org/limiter/-/limiter-1.1.5.tgz. Extracting by manifest.
1349 silly tarball no local data for lodash.once@https://registry.npmjs.org/lodash.once/-/lodash.once-4.1.1.tgz. Extracting by manifest.
1350 silly tarball no local data for lru-memoizer@https://registry.npmjs.org/lru-memoizer/-/lru-memoizer-2.3.0.tgz. Extracting by manifest.
1351 silly tarball no local data for lodash.isplainobject@https://registry.npmjs.org/lodash.isplainobject/-/lodash.isplainobject-4.0.6.tgz. Extracting by manifest.
1352 silly tarball no local data for jose@https://registry.npmjs.org/jose/-/jose-4.15.9.tgz. Extracting by manifest.
1353 silly tarball no local data for lodash.isstring@https://registry.npmjs.org/lodash.isstring/-/lodash.isstring-4.0.1.tgz. Extracting by manifest.
1354 silly tarball no local data for lodash.isnumber@https://registry.npmjs.org/lodash.isnumber/-/lodash.isnumber-3.0.3.tgz. Extracting by manifest.
1355 silly tarball no local data for lodash.isboolean@https://registry.npmjs.org/lodash.isboolean/-/lodash.isboolean-3.0.3.tgz. Extracting by manifest.
1356 silly tarball no local data for lodash.includes@https://registry.npmjs.org/lodash.includes/-/lodash.includes-4.3.0.tgz. Extracting by manifest.
1357 silly tarball no local data for bignumber.js@https://registry.npmjs.org/bignumber.js/-/bignumber.js-9.3.1.tgz. Extracting by manifest.
1358 silly tarball no local data for lodash.isinteger@https://registry.npmjs.org/lodash.isinteger/-/lodash.isinteger-4.0.4.tgz. Extracting by manifest.
1359 silly tarball no local data for agent-base@https://registry.npmjs.org/agent-base/-/agent-base-7.1.4.tgz. Extracting by manifest.
1360 silly tarball no local data for proto3-json-serializer@https://registry.npmjs.org/proto3-json-serializer/-/proto3-json-serializer-2.0.2.tgz. Extracting by manifest.
1361 silly tarball no local data for json-bigint@https://registry.npmjs.org/json-bigint/-/json-bigint-1.0.0.tgz. Extracting by manifest.
1362 silly tarball no local data for safe-buffer@https://registry.npmjs.org/safe-buffer/-/safe-buffer-5.2.1.tgz. Extracting by manifest.
1363 silly tarball no local data for object-hash@https://registry.npmjs.org/object-hash/-/object-hash-3.0.0.tgz. Extracting by manifest.
1364 silly tarball no local data for @types/long@https://registry.npmjs.org/@types/long/-/long-4.0.2.tgz. Extracting by manifest.
1365 silly tarball no local data for jws@https://registry.npmjs.org/jws/-/jws-4.0.1.tgz. Extracting by manifest.
1366 silly tarball no local data for gcp-metadata@https://registry.npmjs.org/gcp-metadata/-/gcp-metadata-8.1.2.tgz. Extracting by manifest.
1367 silly tarball no local data for uuid@https://registry.npmjs.org/uuid/-/uuid-9.0.1.tgz. Extracting by manifest.
1368 silly tarball no local data for is-stream@https://registry.npmjs.org/is-stream/-/is-stream-2.0.1.tgz. Extracting by manifest.
1369 silly tarball no local data for google-logging-utils@https://registry.npmjs.org/google-logging-utils/-/google-logging-utils-1.1.3.tgz. Extracting by manifest.
1370 silly tarball no local data for ecdsa-sig-formatter@https://registry.npmjs.org/ecdsa-sig-formatter/-/ecdsa-sig-formatter-1.0.11.tgz. Extracting by manifest.
1371 silly tarball no local data for node-fetch@https://registry.npmjs.org/node-fetch/-/node-fetch-2.7.0.tgz. Extracting by manifest.
1372 silly tarball no local data for https-proxy-agent@https://registry.npmjs.org/https-proxy-agent/-/https-proxy-agent-7.0.6.tgz. Extracting by manifest.
1373 silly tarball no local data for strnum@https://registry.npmjs.org/strnum/-/strnum-2.4.2.tgz. Extracting by manifest.
1374 silly tarball no local data for is-unsafe@https://registry.npmjs.org/is-unsafe/-/is-unsafe-2.0.0.tgz. Extracting by manifest.
1375 silly tarball no local data for xml-naming@https://registry.npmjs.org/xml-naming/-/xml-naming-0.3.0.tgz. Extracting by manifest.
1376 silly tarball no local data for path-expression-matcher@https://registry.npmjs.org/path-expression-matcher/-/path-expression-matcher-1.6.2.tgz. Extracting by manifest.
1377 silly tarball no local data for @nodable/entities@https://registry.npmjs.org/@nodable/entities/-/entities-3.0.0.tgz. Extracting by manifest.
1378 silly tarball no local data for fast-xml-builder@https://registry.npmjs.org/fast-xml-builder/-/fast-xml-builder-1.3.1.tgz. Extracting by manifest.
1379 silly tarball no local data for stream-shift@https://registry.npmjs.org/stream-shift/-/stream-shift-1.0.3.tgz. Extracting by manifest.
1380 silly tarball no local data for readable-stream@https://registry.npmjs.org/readable-stream/-/readable-stream-3.6.2.tgz. Extracting by manifest.
1381 silly tarball no local data for inherits@https://registry.npmjs.org/inherits/-/inherits-2.0.4.tgz. Extracting by manifest.
1382 silly tarball no local data for once@https://registry.npmjs.org/once/-/once-1.4.0.tgz. Extracting by manifest.
1383 silly tarball no local data for event-target-shim@https://registry.npmjs.org/event-target-shim/-/event-target-shim-5.0.1.tgz. Extracting by manifest.
1384 silly tarball no local data for end-of-stream@https://registry.npmjs.org/end-of-stream/-/end-of-stream-1.4.5.tgz. Extracting by manifest.
1385 silly tarball no local data for retry@https://registry.npmjs.org/retry/-/retry-0.13.1.tgz. Extracting by manifest.
1386 silly tarball no local data for arrify@https://registry.npmjs.org/arrify/-/arrify-2.0.1.tgz. Extracting by manifest.
1387 silly tarball no local data for retry-request@https://registry.npmjs.org/retry-request/-/retry-request-7.0.2.tgz. Extracting by manifest.
1388 silly tarball no local data for teeny-request@https://registry.npmjs.org/teeny-request/-/teeny-request-9.0.0.tgz. Extracting by manifest.
1389 silly tarball no local data for mime@https://registry.npmjs.org/mime/-/mime-3.0.0.tgz. Extracting by manifest.
1390 silly tarball no local data for extend@https://registry.npmjs.org/extend/-/extend-3.0.2.tgz. Extracting by manifest.
1391 silly tarball no local data for html-entities@https://registry.npmjs.org/html-entities/-/html-entities-2.6.0.tgz. Extracting by manifest.
1392 silly tarball no local data for duplexify@https://registry.npmjs.org/duplexify/-/duplexify-4.1.3.tgz. Extracting by manifest.
1393 silly tarball no local data for gaxios@https://registry.npmjs.org/gaxios/-/gaxios-6.7.1.tgz. Extracting by manifest.
1394 silly tarball no local data for abort-controller@https://registry.npmjs.org/abort-controller/-/abort-controller-3.0.0.tgz. Extracting by manifest.
1395 silly tarball no local data for async-retry@https://registry.npmjs.org/async-retry/-/async-retry-1.3.3.tgz. Extracting by manifest.
1396 silly tarball no local data for @google-cloud/projectify@https://registry.npmjs.org/@google-cloud/projectify/-/projectify-4.0.0.tgz. Extracting by manifest.
1397 silly tarball no local data for @google-cloud/promisify@https://registry.npmjs.org/@google-cloud/promisify/-/promisify-4.0.0.tgz. Extracting by manifest.
1398 silly tarball no local data for fast-xml-parser@https://registry.npmjs.org/fast-xml-parser/-/fast-xml-parser-5.10.1.tgz. Extracting by manifest.
1399 silly tarball no local data for google-gax@https://registry.npmjs.org/google-gax/-/google-gax-4.6.1.tgz. Extracting by manifest.
1400 silly tarball no local data for functional-red-black-tree@https://registry.npmjs.org/functional-red-black-tree/-/functional-red-black-tree-1.0.1.tgz. Extracting by manifest.
1401 silly tarball no local data for @google-cloud/paginator@https://registry.npmjs.org/@google-cloud/paginator/-/paginator-5.0.2.tgz. Extracting by manifest.
1402 silly tarball no local data for jwks-rsa@https://registry.npmjs.org/jwks-rsa/-/jwks-rsa-3.2.2.tgz. Extracting by manifest.
1403 silly tarball no local data for jsonwebtoken@https://registry.npmjs.org/jsonwebtoken/-/jsonwebtoken-9.0.3.tgz. Extracting by manifest.
1404 silly tarball no local data for google-auth-library@https://registry.npmjs.org/google-auth-library/-/google-auth-library-10.9.1.tgz. Extracting by manifest.
1405 silly tarball no local data for @opentelemetry/api@https://registry.npmjs.org/@opentelemetry/api/-/api-1.9.1.tgz. Extracting by manifest.
1406 silly tarball no local data for farmhash-modern@https://registry.npmjs.org/farmhash-modern/-/farmhash-modern-1.1.0.tgz. Extracting by manifest.
1407 silly tarball no local data for @google-cloud/storage@https://registry.npmjs.org/@google-cloud/storage/-/storage-7.22.0.tgz. Extracting by manifest.
1408 silly tarball no local data for @google-cloud/firestore@https://registry.npmjs.org/@google-cloud/firestore/-/firestore-7.11.6.tgz. Extracting by manifest.
1409 silly tarball no local data for websocket-driver@https://registry.npmjs.org/websocket-driver/-/websocket-driver-0.7.5.tgz. Extracting by manifest.
1410 silly tarball no local data for protobufjs@https://registry.npmjs.org/protobufjs/-/protobufjs-7.6.5.tgz. Extracting by manifest.
1411 silly tarball no local data for yargs@https://registry.npmjs.org/yargs/-/yargs-17.7.3.tgz. Extracting by manifest.
1412 silly tarball no local data for @fastify/busboy@https://registry.npmjs.org/@fastify/busboy/-/busboy-3.2.1.tgz. Extracting by manifest.
1413 silly tarball no local data for long@https://registry.npmjs.org/long/-/long-5.3.2.tgz. Extracting by manifest.
1414 silly tarball no local data for lodash.camelcase@https://registry.npmjs.org/lodash.camelcase/-/lodash.camelcase-4.3.0.tgz. Extracting by manifest.
1415 silly tarball no local data for web-vitals@https://registry.npmjs.org/web-vitals/-/web-vitals-4.2.4.tgz. Extracting by manifest.
1416 silly tarball no local data for @firebase/performance-types@https://registry.npmjs.org/@firebase/performance-types/-/performance-types-0.2.4.tgz. Extracting by manifest.
1417 silly tarball no local data for @firebase/storage-types@https://registry.npmjs.org/@firebase/storage-types/-/storage-types-0.8.4.tgz. Extracting by manifest.
1418 silly tarball no local data for @firebase/installations-types@https://registry.npmjs.org/@firebase/installations-types/-/installations-types-0.5.4.tgz. Extracting by manifest.
1419 silly tarball no local data for @firebase/remote-config-types@https://registry.npmjs.org/@firebase/remote-config-types/-/remote-config-types-0.5.1.tgz. Extracting by manifest.
1420 silly tarball no local data for re2js@https://registry.npmjs.org/re2js/-/re2js-2.8.6.tgz. Extracting by manifest.
1421 silly tarball no local data for @firebase/messaging-interop-types@https://registry.npmjs.org/@firebase/messaging-interop-types/-/messaging-interop-types-0.2.5.tgz. Extracting by manifest.
1422 silly tarball no local data for @firebase/functions-types@https://registry.npmjs.org/@firebase/functions-types/-/functions-types-0.6.4.tgz. Extracting by manifest.
1423 silly tarball no local data for @grpc/proto-loader@https://registry.npmjs.org/@grpc/proto-loader/-/proto-loader-0.7.15.tgz. Extracting by manifest.
1424 silly tarball no local data for @grpc/grpc-js@https://registry.npmjs.org/@grpc/grpc-js/-/grpc-js-1.9.16.tgz. Extracting by manifest.
1425 silly tarball no local data for faye-websocket@https://registry.npmjs.org/faye-websocket/-/faye-websocket-0.11.4.tgz. Extracting by manifest.
1426 silly tarball no local data for @firebase/firestore-types@https://registry.npmjs.org/@firebase/firestore-types/-/firestore-types-3.0.4.tgz. Extracting by manifest.
1427 silly tarball no local data for @firebase/webchannel-wrapper@https://registry.npmjs.org/@firebase/webchannel-wrapper/-/webchannel-wrapper-1.0.6.tgz. Extracting by manifest.
1428 silly tarball no local data for @firebase/database-types@https://registry.npmjs.org/@firebase/database-types/-/database-types-1.0.21.tgz. Extracting by manifest.
1429 silly tarball no local data for idb@https://registry.npmjs.org/idb/-/idb-7.1.1.tgz. Extracting by manifest.
1430 silly tarball no local data for @firebase/auth-types@https://registry.npmjs.org/@firebase/auth-types/-/auth-types-0.13.1.tgz. Extracting by manifest.
1431 silly tarball no local data for @firebase/app-check-types@https://registry.npmjs.org/@firebase/app-check-types/-/app-check-types-0.5.4.tgz. Extracting by manifest.
1432 silly tarball no local data for @firebase/auth-interop-types@https://registry.npmjs.org/@firebase/auth-interop-types/-/auth-interop-types-0.2.5.tgz. Extracting by manifest.
1433 silly tarball no local data for @firebase/logger@https://registry.npmjs.org/@firebase/logger/-/logger-0.5.1.tgz. Extracting by manifest.
1434 silly tarball no local data for @firebase/analytics-types@https://registry.npmjs.org/@firebase/analytics-types/-/analytics-types-0.8.4.tgz. Extracting by manifest.
1435 silly tarball no local data for @firebase/component@https://registry.npmjs.org/@firebase/component/-/component-0.7.4.tgz. Extracting by manifest.
1436 silly tarball no local data for @firebase/util@https://registry.npmjs.org/@firebase/util/-/util-1.15.2.tgz. Extracting by manifest.
1437 silly tarball no local data for @firebase/storage-compat@https://registry.npmjs.org/@firebase/storage-compat/-/storage-compat-0.4.4.tgz. Extracting by manifest.
1438 silly tarball no local data for @firebase/storage@https://registry.npmjs.org/@firebase/storage/-/storage-0.14.4.tgz. Extracting by manifest.
1439 silly tarball no local data for @firebase/remote-config-compat@https://registry.npmjs.org/@firebase/remote-config-compat/-/remote-config-compat-0.2.28.tgz. Extracting by manifest.
1440 silly tarball no local data for @firebase/app-check-interop-types@https://registry.npmjs.org/@firebase/app-check-interop-types/-/app-check-interop-types-0.3.4.tgz. Extracting by manifest.
1441 silly tarball no local data for @firebase/performance-compat@https://registry.npmjs.org/@firebase/performance-compat/-/performance-compat-0.2.26.tgz. Extracting by manifest.
1442 silly tarball no local data for @firebase/remote-config@https://registry.npmjs.org/@firebase/remote-config/-/remote-config-0.9.1.tgz. Extracting by manifest.
1443 silly tarball no local data for @firebase/performance@https://registry.npmjs.org/@firebase/performance/-/performance-0.7.13.tgz. Extracting by manifest.
1444 silly tarball no local data for @firebase/messaging@https://registry.npmjs.org/@firebase/messaging/-/messaging-0.13.1.tgz. Extracting by manifest.
1445 silly tarball no local data for @firebase/installations-compat@https://registry.npmjs.org/@firebase/installations-compat/-/installations-compat-0.2.23.tgz. Extracting by manifest.
1446 silly tarball no local data for @firebase/installations@https://registry.npmjs.org/@firebase/installations/-/installations-0.6.23.tgz. Extracting by manifest.
1447 silly tarball no local data for @firebase/messaging-compat@https://registry.npmjs.org/@firebase/messaging-compat/-/messaging-compat-0.2.28.tgz. Extracting by manifest.
1448 silly tarball no local data for @firebase/functions-compat@https://registry.npmjs.org/@firebase/functions-compat/-/functions-compat-0.4.6.tgz. Extracting by manifest.
1449 silly tarball no local data for @firebase/firestore-compat@https://registry.npmjs.org/@firebase/firestore-compat/-/firestore-compat-0.4.12.tgz. Extracting by manifest.
1450 silly tarball no local data for @firebase/functions@https://registry.npmjs.org/@firebase/functions/-/functions-0.13.6.tgz. Extracting by manifest.
1451 silly tarball no local data for @firebase/database@https://registry.npmjs.org/@firebase/database/-/database-1.1.4.tgz. Extracting by manifest.
1452 silly tarball no local data for @firebase/database-compat@https://registry.npmjs.org/@firebase/database-compat/-/database-compat-2.1.6.tgz. Extracting by manifest.
1453 silly tarball no local data for @firebase/data-connect@https://registry.npmjs.org/@firebase/data-connect/-/data-connect-0.7.3.tgz. Extracting by manifest.
1454 silly tarball no local data for @firebase/auth-compat@https://registry.npmjs.org/@firebase/auth-compat/-/auth-compat-0.6.9.tgz. Extracting by manifest.
1455 silly tarball no local data for @firebase/auth@https://registry.npmjs.org/@firebase/auth/-/auth-1.13.4.tgz. Extracting by manifest.
1456 silly tarball no local data for @firebase/firestore@https://registry.npmjs.org/@firebase/firestore/-/firestore-4.17.0.tgz. Extracting by manifest.
1457 silly tarball no local data for @firebase/app-check-compat@https://registry.npmjs.org/@firebase/app-check-compat/-/app-check-compat-0.4.6.tgz. Extracting by manifest.
1458 silly tarball no local data for @firebase/app-check@https://registry.npmjs.org/@firebase/app-check/-/app-check-0.13.0.tgz. Extracting by manifest.
1459 silly tarball no local data for @firebase/app-compat@https://registry.npmjs.org/@firebase/app-compat/-/app-compat-0.5.16.tgz. Extracting by manifest.
1460 silly tarball no local data for @firebase/analytics@https://registry.npmjs.org/@firebase/analytics/-/analytics-0.10.23.tgz. Extracting by manifest.
1461 silly tarball no local data for @firebase/app@https://registry.npmjs.org/@firebase/app/-/app-0.16.0.tgz. Extracting by manifest.
1462 silly tarball no local data for @firebase/app-types@https://registry.npmjs.org/@firebase/app-types/-/app-types-0.9.5.tgz. Extracting by manifest.
1463 silly tarball no local data for @firebase/ai@https://registry.npmjs.org/@firebase/ai/-/ai-2.14.0.tgz. Extracting by manifest.
1464 silly tarball no local data for @firebase/analytics-compat@https://registry.npmjs.org/@firebase/analytics-compat/-/analytics-compat-0.2.29.tgz. Extracting by manifest.
1465 silly tarball no local data for firebase-admin@https://registry.npmjs.org/firebase-admin/-/firebase-admin-13.10.0.tgz. Extracting by manifest.
1466 silly tarball no local data for firebase@https://registry.npmjs.org/firebase/-/firebase-12.17.1.tgz. Extracting by manifest.
1467 silly tarball no local data for emoji-regex@https://registry.npmjs.org/emoji-regex/-/emoji-regex-8.0.0.tgz. Extracting by manifest.
1468 silly tarball no local data for yallist@https://registry.npmjs.org/yallist/-/yallist-4.0.0.tgz. Extracting by manifest.
1469 silly tarball no local data for node-fetch@https://registry.npmjs.org/node-fetch/-/node-fetch-3.3.2.tgz. Extracting by manifest.
1470 silly tarball no local data for lru-cache@https://registry.npmjs.org/lru-cache/-/lru-cache-6.0.0.tgz. Extracting by manifest.
1471 silly tarball no local data for agent-base@https://registry.npmjs.org/agent-base/-/agent-base-6.0.2.tgz. Extracting by manifest.
1472 silly tarball no local data for agent-base@https://registry.npmjs.org/agent-base/-/agent-base-6.0.2.tgz. Extracting by manifest.
1473 silly tarball no local data for https-proxy-agent@https://registry.npmjs.org/https-proxy-agent/-/https-proxy-agent-5.0.1.tgz. Extracting by manifest.
1474 silly tarball no local data for @grpc/grpc-js@https://registry.npmjs.org/@grpc/grpc-js/-/grpc-js-1.14.4.tgz. Extracting by manifest.
1475 silly tarball no local data for gaxios@https://registry.npmjs.org/gaxios/-/gaxios-7.3.1.tgz. Extracting by manifest.
1476 silly tarball no local data for gcp-metadata@https://registry.npmjs.org/gcp-metadata/-/gcp-metadata-6.1.1.tgz. Extracting by manifest.
1477 silly tarball no local data for google-logging-utils@https://registry.npmjs.org/google-logging-utils/-/google-logging-utils-0.0.2.tgz. Extracting by manifest.
1478 silly tarball no local data for google-auth-library@https://registry.npmjs.org/google-auth-library/-/google-auth-library-9.15.1.tgz. Extracting by manifest.
1479 silly tarball no local data for gcp-metadata@https://registry.npmjs.org/gcp-metadata/-/gcp-metadata-6.1.1.tgz. Extracting by manifest.
1480 silly tarball no local data for gaxios@https://registry.npmjs.org/gaxios/-/gaxios-7.3.1.tgz. Extracting by manifest.
1481 silly tarball no local data for @grpc/proto-loader@https://registry.npmjs.org/@grpc/proto-loader/-/proto-loader-0.8.1.tgz. Extracting by manifest.
1482 silly tarball no local data for node-fetch@https://registry.npmjs.org/node-fetch/-/node-fetch-3.3.2.tgz. Extracting by manifest.
1483 silly tarball no local data for google-logging-utils@https://registry.npmjs.org/google-logging-utils/-/google-logging-utils-0.0.2.tgz. Extracting by manifest.
1484 silly tarball no local data for google-auth-library@https://registry.npmjs.org/google-auth-library/-/google-auth-library-9.15.1.tgz. Extracting by manifest.
1485 http fetch POST 200 https://registry.npmjs.org/-/npm/v1/security/advisories/bulk 820ms
1486 silly audit report {
1486 silly audit report   nanoid: [
1486 silly audit report     {
1486 silly audit report       id: 1139427,
1486 silly audit report       url: 'https://github.com/advisories/GHSA-2v37-7h3g-55p8',
1486 silly audit report       title: 'nanoid: custom generators can loop indefinitely when size is zero',
1486 silly audit report       severity: 'high',
1486 silly audit report       vulnerable_versions: '<3.3.18',
1486 silly audit report       cwe: [Array],
1486 silly audit report       cvss: [Object]
1486 silly audit report     }
1486 silly audit report   ],
1486 silly audit report   uuid: [
1486 silly audit report     {
1486 silly audit report       id: 1119441,
1486 silly audit report       url: 'https://github.com/advisories/GHSA-w5hq-g745-h8pq',
1486 silly audit report       title: 'uuid: Missing buffer bounds check in v3/v5/v6 when buf is provided',
1486 silly audit report       severity: 'moderate',
1486 silly audit report       vulnerable_versions: '<11.1.1',
1486 silly audit report       cwe: [Array],
1486 silly audit report       cvss: [Object]
1486 silly audit report     }
1486 silly audit report   ]
1486 silly audit report }
1487 silly packumentCache corgi:https://registry.npmjs.org/nanoid cache-miss
1488 silly packumentCache corgi:https://registry.npmjs.org/uuid cache-miss
1489 http fetch GET 200 https://registry.npmjs.org/fetch-blob/-/fetch-blob-3.2.0.tgz 718ms (cache miss)
1490 http fetch GET 200 https://registry.npmjs.org/wrap-ansi/-/wrap-ansi-7.0.0.tgz 710ms (cache miss)
1491 http fetch GET 200 https://registry.npmjs.org/ansi-regex/-/ansi-regex-5.0.1.tgz 719ms (cache miss)
1492 http fetch GET 200 https://registry.npmjs.org/is-fullwidth-code-point/-/is-fullwidth-code-point-3.0.0.tgz 714ms (cache miss)
1493 http fetch GET 200 https://registry.npmjs.org/node-domexception/-/node-domexception-1.0.0.tgz 724ms (cache miss)
1494 http fetch GET 200 https://registry.npmjs.org/gtoken/-/gtoken-7.1.0.tgz 733ms (cache miss)
1495 http fetch GET 200 https://registry.npmjs.org/data-uri-to-buffer/-/data-uri-to-buffer-4.0.1.tgz 755ms (cache miss)
1496 http fetch GET 200 https://registry.npmjs.org/require-directory/-/require-directory-2.1.1.tgz 749ms (cache miss)
1497 http fetch GET 200 https://registry.npmjs.org/y18n/-/y18n-5.0.8.tgz 807ms (cache miss)
1498 http fetch GET 200 https://registry.npmjs.org/string-width/-/string-width-4.2.3.tgz 816ms (cache miss)
1499 http fetch GET 200 https://registry.npmjs.org/webidl-conversions/-/webidl-conversions-3.0.1.tgz 933ms (cache miss)
1500 http fetch GET 200 https://registry.npmjs.org/strip-ansi/-/strip-ansi-6.0.1.tgz 944ms (cache miss)
1501 http fetch GET 200 https://registry.npmjs.org/cliui/-/cliui-8.0.1.tgz 941ms (cache miss)
1502 http fetch GET 200 https://registry.npmjs.org/get-caller-file/-/get-caller-file-2.0.5.tgz 946ms (cache miss)
1503 http fetch GET 200 https://registry.npmjs.org/stubs/-/stubs-3.0.0.tgz 936ms (cache miss)
1504 http fetch GET 200 https://registry.npmjs.org/http-parser-js/-/http-parser-js-0.5.10.tgz 941ms (cache miss)
1505 http fetch GET 200 https://registry.npmjs.org/delayed-stream/-/delayed-stream-1.0.0.tgz 933ms (cache miss)
1506 http fetch GET 200 https://registry.npmjs.org/stream-events/-/stream-events-1.0.5.tgz 951ms (cache miss)
1507 http fetch GET 200 https://registry.npmjs.org/formdata-polyfill/-/formdata-polyfill-4.0.10.tgz 993ms (cache miss)
1508 http fetch GET 200 https://registry.npmjs.org/http-proxy-agent/-/http-proxy-agent-5.0.0.tgz 1003ms (cache miss)
1509 http fetch GET 200 https://registry.npmjs.org/combined-stream/-/combined-stream-1.0.8.tgz 1003ms (cache miss)
1510 http fetch GET 200 https://registry.npmjs.org/anynum/-/anynum-1.0.1.tgz 1027ms (cache miss)
1511 http fetch GET 200 https://registry.npmjs.org/mime-types/-/mime-types-2.1.35.tgz 1029ms (cache miss)
1512 http fetch GET 200 https://registry.npmjs.org/util-deprecate/-/util-deprecate-1.0.2.tgz 1046ms (cache miss)
1513 http fetch GET 200 https://registry.npmjs.org/asynckit/-/asynckit-0.4.0.tgz 1050ms (cache miss)
1514 http fetch GET 200 https://registry.npmjs.org/@types/tough-cookie/-/tough-cookie-4.0.5.tgz 1072ms (cache miss)
1515 http fetch GET 200 https://registry.npmjs.org/string_decoder/-/string_decoder-1.3.0.tgz 1076ms (cache miss)
1516 http fetch GET 200 https://registry.npmjs.org/@tootallnate/once/-/once-2.0.1.tgz 1122ms (cache miss)
1517 http fetch GET 200 https://registry.npmjs.org/@protobufjs/pool/-/pool-1.1.0.tgz 1094ms (cache miss)
1518 http fetch GET 200 https://registry.npmjs.org/@protobufjs/utf8/-/utf8-1.1.2.tgz 1111ms (cache miss)
1519 http fetch GET 200 https://registry.npmjs.org/@protobufjs/eventemitter/-/eventemitter-1.1.1.tgz 1122ms (cache miss)
1520 http fetch GET 200 https://registry.npmjs.org/@protobufjs/fetch/-/fetch-1.1.1.tgz 1141ms (cache miss)
1521 http fetch GET 200 https://registry.npmjs.org/@protobufjs/path/-/path-1.1.2.tgz 1139ms (cache miss)
1522 http fetch GET 200 https://registry.npmjs.org/@protobufjs/codegen/-/codegen-2.0.5.tgz 1167ms (cache miss)
1523 http fetch GET 200 https://registry.npmjs.org/@protobufjs/float/-/float-1.0.2.tgz 1166ms (cache miss)
1524 http fetch GET 200 https://registry.npmjs.org/@protobufjs/base64/-/base64-1.1.2.tgz 1173ms (cache miss)
1525 http fetch GET 200 https://registry.npmjs.org/buffer-equal-constant-time/-/buffer-equal-constant-time-1.0.1.tgz 1163ms (cache miss)
1526 http fetch GET 200 https://registry.npmjs.org/@protobufjs/aspromise/-/aspromise-1.1.2.tgz 1173ms (cache miss)
1527 http fetch GET 200 https://registry.npmjs.org/@types/ms/-/ms-2.1.0.tgz 1164ms (cache miss)
1528 http fetch GET 200 https://registry.npmjs.org/lodash.clonedeep/-/lodash.clonedeep-4.5.0.tgz 1178ms (cache miss)
1529 http fetch GET 200 https://registry.npmjs.org/mime-db/-/mime-db-1.52.0.tgz 1247ms (cache miss)
1530 http fetch GET 200 https://registry.npmjs.org/wrappy/-/wrappy-1.0.2.tgz 1212ms (cache miss)
1531 http fetch GET 200 https://registry.npmjs.org/lodash.isplainobject/-/lodash.isplainobject-4.0.6.tgz 1214ms (cache miss)
1532 http fetch GET 200 https://registry.npmjs.org/lodash.once/-/lodash.once-4.1.1.tgz 1228ms (cache miss)
1533 http fetch GET 200 https://registry.npmjs.org/limiter/-/limiter-1.1.5.tgz 1232ms (cache miss)
1534 http fetch GET 200 https://registry.npmjs.org/jwa/-/jwa-2.0.1.tgz 1246ms (cache miss)
1535 http fetch GET 200 https://registry.npmjs.org/lodash.isstring/-/lodash.isstring-4.0.1.tgz 1241ms (cache miss)
1536 http fetch GET 200 https://registry.npmjs.org/lodash.isnumber/-/lodash.isnumber-3.0.3.tgz 1263ms (cache miss)
1537 http fetch GET 200 https://registry.npmjs.org/@types/caseless/-/caseless-0.12.5.tgz 1316ms (cache miss)
1538 http fetch GET 200 https://registry.npmjs.org/lodash.isboolean/-/lodash.isboolean-3.0.3.tgz 1263ms (cache miss)
1539 http fetch GET 200 https://registry.npmjs.org/lodash.isinteger/-/lodash.isinteger-4.0.4.tgz 1268ms (cache miss)
1540 http fetch GET 200 https://registry.npmjs.org/lodash.includes/-/lodash.includes-4.3.0.tgz 1273ms (cache miss)
1541 http fetch GET 200 https://registry.npmjs.org/agent-base/-/agent-base-7.1.4.tgz 1271ms (cache miss)
1542 http fetch GET 200 https://registry.npmjs.org/tr46/-/tr46-0.0.3.tgz 1355ms (cache miss)
1543 http fetch GET 200 https://registry.npmjs.org/@types/request/-/request-2.48.13.tgz 1331ms (cache miss)
1544 http fetch GET 200 https://registry.npmjs.org/form-data/-/form-data-2.5.6.tgz 1360ms (cache miss)
1545 http fetch GET 200 https://registry.npmjs.org/safe-buffer/-/safe-buffer-5.2.1.tgz 1293ms (cache miss)
1546 http fetch GET 200 https://registry.npmjs.org/jws/-/jws-4.0.1.tgz 1342ms (cache miss)
1547 http fetch GET 200 https://registry.npmjs.org/yargs-parser/-/yargs-parser-21.1.1.tgz 1456ms (cache miss)
1548 http fetch GET 200 https://registry.npmjs.org/is-stream/-/is-stream-2.0.1.tgz 1337ms (cache miss)
1549 http fetch GET 200 https://registry.npmjs.org/@types/jsonwebtoken/-/jsonwebtoken-9.0.10.tgz 1387ms (cache miss)
1550 http fetch GET 200 https://registry.npmjs.org/object-hash/-/object-hash-3.0.0.tgz 1433ms (cache miss)
1551 http fetch GET 200 https://registry.npmjs.org/ecdsa-sig-formatter/-/ecdsa-sig-formatter-1.0.11.tgz 1420ms (cache miss)
1552 http fetch GET 200 https://registry.npmjs.org/json-bigint/-/json-bigint-1.0.0.tgz 1447ms (cache miss)
1553 http fetch GET 200 https://registry.npmjs.org/whatwg-url/-/whatwg-url-5.0.0.tgz 1483ms (cache miss)
1554 http fetch GET 200 https://registry.npmjs.org/xml-naming/-/xml-naming-0.3.0.tgz 1445ms (cache miss)
1555 http fetch GET 200 https://registry.npmjs.org/strnum/-/strnum-2.4.2.tgz 1449ms (cache miss)
1556 http fetch GET 200 https://registry.npmjs.org/stream-shift/-/stream-shift-1.0.3.tgz 1506ms (cache miss)
1557 http fetch GET 200 https://registry.npmjs.org/inherits/-/inherits-2.0.4.tgz 1531ms (cache miss)
1558 http fetch GET 200 https://registry.npmjs.org/once/-/once-1.4.0.tgz 1531ms (cache miss)
1559 http fetch GET 200 https://registry.npmjs.org/end-of-stream/-/end-of-stream-1.4.5.tgz 1553ms (cache miss)
1560 http fetch GET 200 https://registry.npmjs.org/extend/-/extend-3.0.2.tgz 1536ms (cache miss)
1561 http fetch GET 200 https://registry.npmjs.org/duplexify/-/duplexify-4.1.3.tgz 1533ms (cache miss)
1562 http fetch GET 200 https://registry.npmjs.org/retry-request/-/retry-request-7.0.2.tgz 1553ms (cache miss)
1563 http fetch GET 200 https://registry.npmjs.org/websocket-extensions/-/websocket-extensions-0.1.4.tgz 1726ms (cache miss)
1564 http fetch GET 200 https://registry.npmjs.org/arrify/-/arrify-2.0.1.tgz 1593ms (cache miss)
1565 http fetch GET 200 https://registry.npmjs.org/@types/long/-/long-4.0.2.tgz 1651ms (cache miss)
1566 http fetch GET 200 https://registry.npmjs.org/async-retry/-/async-retry-1.3.3.tgz 1579ms (cache miss)
1567 http fetch GET 200 https://registry.npmjs.org/jsonwebtoken/-/jsonwebtoken-9.0.3.tgz 1596ms (cache miss)
1568 http fetch GET 200 https://registry.npmjs.org/node-fetch/-/node-fetch-2.7.0.tgz 1692ms (cache miss)
1569 http fetch GET 200 https://registry.npmjs.org/retry/-/retry-0.13.1.tgz 1683ms (cache miss)
1570 http fetch GET 200 https://registry.npmjs.org/bignumber.js/-/bignumber.js-9.3.1.tgz 1738ms (cache miss)
1571 http fetch GET 200 https://registry.npmjs.org/gcp-metadata/-/gcp-metadata-8.1.2.tgz 1732ms (cache miss)
1572 http fetch GET 200 https://registry.npmjs.org/functional-red-black-tree/-/functional-red-black-tree-1.0.1.tgz 1653ms (cache miss)
1573 http fetch GET 200 https://registry.npmjs.org/@nodable/entities/-/entities-3.0.0.tgz 1721ms (cache miss)
1574 http fetch GET 200 https://registry.npmjs.org/mime/-/mime-3.0.0.tgz 1695ms (cache miss)
1575 http fetch GET 200 https://registry.npmjs.org/https-proxy-agent/-/https-proxy-agent-7.0.6.tgz 1742ms (cache miss)
1576 http fetch GET 200 https://registry.npmjs.org/event-target-shim/-/event-target-shim-5.0.1.tgz 1748ms (cache miss)
1577 http fetch GET 200 https://registry.npmjs.org/path-expression-matcher/-/path-expression-matcher-1.6.2.tgz 1762ms (cache miss)
1578 http fetch GET 200 https://registry.npmjs.org/abort-controller/-/abort-controller-3.0.0.tgz 1729ms (cache miss)
1579 http fetch GET 200 https://registry.npmjs.org/@js-sdsl/ordered-map/-/ordered-map-4.4.2.tgz 1938ms (cache miss)
1580 http fetch GET 200 https://registry.npmjs.org/fast-xml-builder/-/fast-xml-builder-1.3.1.tgz 1788ms (cache miss)
1581 http fetch GET 200 https://registry.npmjs.org/teeny-request/-/teeny-request-9.0.0.tgz 1775ms (cache miss)
1582 http fetch GET 200 https://registry.npmjs.org/google-logging-utils/-/google-logging-utils-1.1.3.tgz 1820ms (cache miss)
1583 http fetch GET 200 https://registry.npmjs.org/is-unsafe/-/is-unsafe-2.0.0.tgz 1817ms (cache miss)
1584 http fetch GET 200 https://registry.npmjs.org/farmhash-modern/-/farmhash-modern-1.1.0.tgz 1783ms (cache miss)
1585 http fetch GET 200 https://registry.npmjs.org/lru-memoizer/-/lru-memoizer-2.3.0.tgz 1905ms (cache miss)
1586 http fetch GET 200 https://registry.npmjs.org/gaxios/-/gaxios-6.7.1.tgz 1847ms (cache miss)
1587 http fetch GET 200 https://registry.npmjs.org/websocket-driver/-/websocket-driver-0.7.5.tgz 1820ms (cache miss)
1588 warn deprecated node-domexception@1.0.0: Use your platform's native DOMException instead
1589 http fetch GET 200 https://registry.npmjs.org/jwks-rsa/-/jwks-rsa-3.2.2.tgz 1834ms (cache miss)
1590 http fetch GET 200 https://registry.npmjs.org/readable-stream/-/readable-stream-3.6.2.tgz 1896ms (cache miss)
1591 http fetch GET 200 https://registry.npmjs.org/html-entities/-/html-entities-2.6.0.tgz 1895ms (cache miss)
1592 http fetch GET 200 https://registry.npmjs.org/lodash.camelcase/-/lodash.camelcase-4.3.0.tgz 1914ms (cache miss)
1593 http fetch GET 200 https://registry.npmjs.org/@google-cloud/projectify/-/projectify-4.0.0.tgz 1951ms (cache miss)
1594 http fetch GET 200 https://registry.npmjs.org/@google-cloud/paginator/-/paginator-5.0.2.tgz 1954ms (cache miss)
1595 http fetch GET 200 https://registry.npmjs.org/@google-cloud/promisify/-/promisify-4.0.0.tgz 1973ms (cache miss)
1596 http fetch GET 200 https://registry.npmjs.org/long/-/long-5.3.2.tgz 1985ms (cache miss)
1597 http fetch GET 200 https://registry.npmjs.org/proto3-json-serializer/-/proto3-json-serializer-2.0.2.tgz 2124ms (cache miss)
1598 http fetch GET 200 https://registry.npmjs.org/@fastify/busboy/-/busboy-3.2.1.tgz 2119ms (cache miss)
1599 http fetch GET 200 https://registry.npmjs.org/faye-websocket/-/faye-websocket-0.11.4.tgz 2127ms (cache miss)
1600 http fetch GET 200 https://registry.npmjs.org/yargs/-/yargs-17.7.3.tgz 2198ms (cache miss)
1601 http fetch GET 200 https://registry.npmjs.org/fast-xml-parser/-/fast-xml-parser-5.10.1.tgz 2277ms (cache miss)
1602 http fetch GET 200 https://registry.npmjs.org/@firebase/installations-types/-/installations-types-0.5.4.tgz 2256ms (cache miss)
1603 http fetch GET 200 https://registry.npmjs.org/@firebase/performance-types/-/performance-types-0.2.4.tgz 2275ms (cache miss)
1604 http fetch GET 200 https://registry.npmjs.org/uuid/-/uuid-9.0.1.tgz 2381ms (cache miss)
1605 warn deprecated uuid@9.0.1: uuid@10 and below is no longer supported.  For ESM codebases, update to uuid@latest.  For CommonJS codebases, use uuid@11 (but be aware this version will likely be deprecated in 2028).
1606 http fetch GET 200 https://registry.npmjs.org/@firebase/functions-types/-/functions-types-0.6.4.tgz 2278ms (cache miss)
1607 http fetch GET 200 https://registry.npmjs.org/@firebase/messaging-interop-types/-/messaging-interop-types-0.2.5.tgz 2281ms (cache miss)
1608 http fetch GET 200 https://registry.npmjs.org/@firebase/storage-types/-/storage-types-0.8.4.tgz 2303ms (cache miss)
1609 http fetch GET 200 https://registry.npmjs.org/@firebase/remote-config-types/-/remote-config-types-0.5.1.tgz 2311ms (cache miss)
1610 http fetch GET 200 https://registry.npmjs.org/@grpc/proto-loader/-/proto-loader-0.7.15.tgz 2358ms (cache miss)
1611 http fetch GET 200 https://registry.npmjs.org/@firebase/firestore-types/-/firestore-types-3.0.4.tgz 2409ms (cache miss)
1612 http fetch GET 200 https://registry.npmjs.org/idb/-/idb-7.1.1.tgz 2435ms (cache miss)
1613 http fetch GET 200 https://registry.npmjs.org/re2js/-/re2js-2.8.6.tgz 2481ms (cache miss)
1614 http fetch GET 200 https://registry.npmjs.org/google-auth-library/-/google-auth-library-10.9.1.tgz 2633ms (cache miss)
1615 http fetch GET 200 https://registry.npmjs.org/web-streams-polyfill/-/web-streams-polyfill-3.3.3.tgz 2884ms (cache miss)
1616 http fetch GET 200 https://registry.npmjs.org/@firebase/database-types/-/database-types-1.0.21.tgz 2676ms (cache miss)
1617 http fetch GET 200 https://registry.npmjs.org/protobufjs/-/protobufjs-7.6.5.tgz 2716ms (cache miss)
1618 http fetch GET 200 https://registry.npmjs.org/@firebase/webchannel-wrapper/-/webchannel-wrapper-1.0.6.tgz 2717ms (cache miss)
1619 http fetch GET 200 https://registry.npmjs.org/@firebase/analytics-types/-/analytics-types-0.8.4.tgz 2713ms (cache miss)
1620 http fetch GET 200 https://registry.npmjs.org/@firebase/logger/-/logger-0.5.1.tgz 2724ms (cache miss)
1621 http fetch GET 200 https://registry.npmjs.org/@google-cloud/storage/-/storage-7.22.0.tgz 2790ms (cache miss)
1622 http fetch GET 200 https://registry.npmjs.org/@firebase/component/-/component-0.7.4.tgz 2751ms (cache miss)
1623 http fetch GET 200 https://registry.npmjs.org/@firebase/app-check-types/-/app-check-types-0.5.4.tgz 2763ms (cache miss)
1624 http fetch GET 200 https://registry.npmjs.org/@firebase/auth-interop-types/-/auth-interop-types-0.2.5.tgz 2816ms (cache miss)
1625 http fetch GET 200 https://registry.npmjs.org/@firebase/auth-types/-/auth-types-0.13.1.tgz 2819ms (cache miss)
1626 http fetch GET 200 https://registry.npmjs.org/web-vitals/-/web-vitals-4.2.4.tgz 2909ms (cache miss)
1627 http fetch GET 200 https://registry.npmjs.org/@firebase/performance-compat/-/performance-compat-0.2.26.tgz 3056ms (cache miss)
1628 http fetch GET 200 https://registry.npmjs.org/@firebase/app-check-interop-types/-/app-check-interop-types-0.3.4.tgz 3144ms (cache miss)
1629 http fetch GET 200 https://registry.npmjs.org/@firebase/functions-compat/-/functions-compat-0.4.6.tgz 3159ms (cache miss)
1630 http fetch GET 200 https://registry.npmjs.org/@firebase/messaging-compat/-/messaging-compat-0.2.28.tgz 3161ms (cache miss)
1631 http fetch GET 200 https://registry.npmjs.org/@firebase/storage-compat/-/storage-compat-0.4.4.tgz 3241ms (cache miss)
1632 http fetch GET 200 https://registry.npmjs.org/@firebase/installations-compat/-/installations-compat-0.2.23.tgz 3231ms (cache miss)
1633 http fetch GET 200 https://registry.npmjs.org/@firebase/remote-config-compat/-/remote-config-compat-0.2.28.tgz 3288ms (cache miss)
1634 http fetch GET 200 https://registry.npmjs.org/@google-cloud/firestore/-/firestore-7.11.6.tgz 3501ms (cache miss)
1635 http fetch GET 200 https://registry.npmjs.org/@firebase/util/-/util-1.15.2.tgz 3575ms (cache miss)
1636 http fetch GET 200 https://registry.npmjs.org/@firebase/performance/-/performance-0.7.13.tgz 3584ms (cache miss)
1637 http fetch GET 200 https://registry.npmjs.org/@firebase/app-check-compat/-/app-check-compat-0.4.6.tgz 3571ms (cache miss)
1638 http fetch GET 200 https://registry.npmjs.org/@firebase/remote-config/-/remote-config-0.9.1.tgz 3696ms (cache miss)
1639 http fetch GET 200 https://registry.npmjs.org/jose/-/jose-4.15.9.tgz 3900ms (cache miss)
1640 http fetch GET 200 https://registry.npmjs.org/@firebase/installations/-/installations-0.6.23.tgz 3736ms (cache miss)
1641 http fetch GET 200 https://registry.npmjs.org/@firebase/functions/-/functions-0.13.6.tgz 3772ms (cache miss)
1642 http fetch GET 200 https://registry.npmjs.org/@firebase/firestore-compat/-/firestore-compat-0.4.12.tgz 3800ms (cache miss)
1643 http fetch GET 200 https://registry.npmjs.org/google-gax/-/google-gax-4.6.1.tgz 4224ms (cache miss)
1644 http fetch GET 200 https://registry.npmjs.org/@firebase/app-compat/-/app-compat-0.5.16.tgz 4176ms (cache miss)
1645 http fetch GET 200 https://registry.npmjs.org/@firebase/messaging/-/messaging-0.13.1.tgz 4247ms (cache miss)
1646 http fetch GET 200 https://registry.npmjs.org/@firebase/app-types/-/app-types-0.9.5.tgz 4245ms (cache miss)
1647 http fetch GET 200 https://registry.npmjs.org/yallist/-/yallist-4.0.0.tgz 4324ms (cache miss)
1648 http fetch GET 200 https://registry.npmjs.org/emoji-regex/-/emoji-regex-8.0.0.tgz 4326ms (cache miss)
1649 http fetch GET 200 https://registry.npmjs.org/@firebase/analytics-compat/-/analytics-compat-0.2.29.tgz 4334ms (cache miss)
1650 http fetch GET 200 https://registry.npmjs.org/@firebase/storage/-/storage-0.14.4.tgz 4458ms (cache miss)
1651 http fetch GET 200 https://registry.npmjs.org/lru-cache/-/lru-cache-6.0.0.tgz 4459ms (cache miss)
1652 http fetch GET 200 https://registry.npmjs.org/https-proxy-agent/-/https-proxy-agent-5.0.1.tgz 4474ms (cache miss)
1653 http fetch GET 200 https://registry.npmjs.org/agent-base/-/agent-base-6.0.2.tgz 4490ms (cache miss)
1654 http fetch GET 200 https://registry.npmjs.org/@firebase/app-check/-/app-check-0.13.0.tgz 4535ms (cache miss)
1655 http fetch GET 200 https://registry.npmjs.org/node-fetch/-/node-fetch-3.3.2.tgz 4523ms (cache miss)
1656 http fetch GET 200 https://registry.npmjs.org/agent-base/-/agent-base-6.0.2.tgz 4541ms (cache miss)
1657 http fetch GET 200 https://registry.npmjs.org/gcp-metadata/-/gcp-metadata-6.1.1.tgz 4594ms (cache miss)
1658 http fetch GET 200 https://registry.npmjs.org/gcp-metadata/-/gcp-metadata-6.1.1.tgz 4686ms (cache miss)
1659 http fetch GET 200 https://registry.npmjs.org/@firebase/analytics/-/analytics-0.10.23.tgz 4722ms (cache miss)
1660 http fetch GET 200 https://registry.npmjs.org/@grpc/proto-loader/-/proto-loader-0.8.1.tgz 4719ms (cache miss)
1661 http fetch GET 200 https://registry.npmjs.org/google-logging-utils/-/google-logging-utils-0.0.2.tgz 4768ms (cache miss)
1662 http fetch GET 200 https://registry.npmjs.org/@firebase/app/-/app-0.16.0.tgz 4856ms (cache miss)
1663 http fetch GET 200 https://registry.npmjs.org/google-logging-utils/-/google-logging-utils-0.0.2.tgz 4824ms (cache miss)
1664 http fetch GET 200 https://registry.npmjs.org/node-fetch/-/node-fetch-3.3.2.tgz 4831ms (cache miss)
1665 http fetch GET 200 https://registry.npmjs.org/@firebase/data-connect/-/data-connect-0.7.3.tgz 4926ms (cache miss)
1666 http fetch GET 200 https://registry.npmjs.org/@firebase/auth-compat/-/auth-compat-0.6.9.tgz 5025ms (cache miss)
1667 http fetch GET 200 https://registry.npmjs.org/@firebase/database-compat/-/database-compat-2.1.6.tgz 5037ms (cache miss)
1668 http fetch GET 200 https://registry.npmjs.org/gaxios/-/gaxios-7.3.1.tgz 5151ms (cache miss)
1669 http fetch GET 200 https://registry.npmjs.org/google-auth-library/-/google-auth-library-9.15.1.tgz 5206ms (cache miss)
1670 http fetch GET 200 https://registry.npmjs.org/gaxios/-/gaxios-7.3.1.tgz 5241ms (cache miss)
1671 http fetch GET 200 https://registry.npmjs.org/firebase-admin/-/firebase-admin-13.10.0.tgz 5447ms (cache miss)
1672 http fetch GET 200 https://registry.npmjs.org/@opentelemetry/api/-/api-1.9.1.tgz 5590ms (cache miss)
1673 http fetch GET 200 https://registry.npmjs.org/@firebase/ai/-/ai-2.14.0.tgz 5515ms (cache miss)
1674 http fetch GET 200 https://registry.npmjs.org/@grpc/grpc-js/-/grpc-js-1.9.16.tgz 6113ms (cache miss)
1675 http fetch GET 200 https://registry.npmjs.org/uuid 5925ms (cache miss)
1676 silly packumentCache corgi:https://registry.npmjs.org/uuid set size:undefined disposed:false
1677 http fetch GET 200 https://registry.npmjs.org/nanoid 5951ms (cache miss)
1678 silly packumentCache corgi:https://registry.npmjs.org/nanoid set size:undefined disposed:false
1679 silly packumentCache corgi:https://registry.npmjs.org/postcss cache-miss
1680 http fetch GET 200 https://registry.npmjs.org/google-auth-library/-/google-auth-library-9.15.1.tgz 6586ms (cache miss)
1681 http fetch GET 200 https://registry.npmjs.org/@firebase/database/-/database-1.1.4.tgz 7213ms (cache miss)
1682 http fetch GET 200 https://registry.npmjs.org/@grpc/grpc-js/-/grpc-js-1.14.4.tgz 7729ms (cache miss)
1683 http fetch GET 200 https://registry.npmjs.org/postcss 1541ms (cache miss)
1684 silly packumentCache corgi:https://registry.npmjs.org/postcss set size:undefined disposed:false
1685 silly packumentCache corgi:https://registry.npmjs.org/google-gax cache-miss
1686 silly packumentCache corgi:https://registry.npmjs.org/gaxios cache-miss
1687 silly packumentCache corgi:https://registry.npmjs.org/teeny-request cache-miss
1688 http fetch GET 200 https://registry.npmjs.org/gaxios 666ms (cache miss)
1689 silly packumentCache corgi:https://registry.npmjs.org/gaxios set size:undefined disposed:false
1690 http fetch GET 200 https://registry.npmjs.org/google-gax 896ms (cache miss)
1691 silly packumentCache corgi:https://registry.npmjs.org/google-gax set size:undefined disposed:false
1692 http fetch GET 200 https://registry.npmjs.org/teeny-request 932ms (cache miss)
1693 silly packumentCache corgi:https://registry.npmjs.org/teeny-request set size:undefined disposed:false
1694 silly packumentCache corgi:https://registry.npmjs.org/@google-cloud%2fstorage cache-miss
1695 silly packumentCache corgi:https://registry.npmjs.org/google-auth-library cache-miss
1696 silly packumentCache corgi:https://registry.npmjs.org/gcp-metadata cache-miss
1697 silly packumentCache corgi:https://registry.npmjs.org/gtoken cache-miss
1698 http fetch GET 200 https://registry.npmjs.org/gcp-metadata 159ms (cache miss)
1699 silly packumentCache corgi:https://registry.npmjs.org/gcp-metadata set size:undefined disposed:false
1700 http fetch GET 200 https://registry.npmjs.org/gtoken 166ms (cache miss)
1701 silly packumentCache corgi:https://registry.npmjs.org/gtoken set size:undefined disposed:false
1702 http fetch GET 200 https://registry.npmjs.org/google-auth-library 235ms (cache miss)
1703 silly packumentCache corgi:https://registry.npmjs.org/google-auth-library set size:undefined disposed:false
1704 http fetch GET 200 https://registry.npmjs.org/@google-cloud%2fstorage 836ms (cache miss)
1705 silly packumentCache corgi:https://registry.npmjs.org/@google-cloud%2fstorage set size:undefined disposed:false
1706 silly packumentCache corgi:https://registry.npmjs.org/@google-cloud%2ffirestore cache-miss
1707 http fetch GET 200 https://registry.npmjs.org/@google-cloud%2ffirestore 955ms (cache miss)
1708 silly packumentCache corgi:https://registry.npmjs.org/@google-cloud%2ffirestore set size:undefined disposed:false
1709 silly packumentCache corgi:https://registry.npmjs.org/retry-request cache-miss
1710 http fetch GET 200 https://registry.npmjs.org/retry-request 461ms (cache miss)
1711 silly packumentCache corgi:https://registry.npmjs.org/retry-request set size:undefined disposed:false
1712 silly packumentCache corgi:https://registry.npmjs.org/firebase-admin cache-miss
1713 http fetch GET 200 https://registry.npmjs.org/firebase-admin 580ms (cache miss)
1714 silly packumentCache corgi:https://registry.npmjs.org/firebase-admin set size:undefined disposed:false
1715 http fetch GET 200 https://registry.npmjs.org/@firebase/auth/-/auth-1.13.4.tgz 13335ms (cache miss)
1716 http fetch GET 200 https://registry.npmjs.org/firebase/-/firebase-12.17.1.tgz 21120ms (cache miss)
1717 http fetch GET 200 https://registry.npmjs.org/@firebase/firestore/-/firestore-4.17.0.tgz 23932ms (cache miss)
1718 info run @firebase/util@1.15.2 postinstall node_modules/@firebase/util node ./postinstall.js
1719 info run protobufjs@7.6.5 postinstall node_modules/protobufjs node scripts/postinstall
1720 info run @firebase/util@1.15.2 postinstall { code: 0, signal: null }
1721 info run protobufjs@7.6.5 postinstall { code: 0, signal: null }
1722 silly ADD node_modules/@js-sdsl/ordered-map
1723 silly ADD node_modules/web-streams-polyfill
1724 silly ADD node_modules/node-domexception
1725 silly ADD node_modules/formdata-polyfill
1726 silly ADD node_modules/fetch-blob
1727 silly ADD node_modules/data-uri-to-buffer
1728 silly ADD node_modules/gtoken
1729 silly ADD node_modules/ansi-regex
1730 silly ADD node_modules/is-fullwidth-code-point
1731 silly ADD node_modules/wrap-ansi
1732 silly ADD node_modules/strip-ansi
1733 silly ADD node_modules/yargs-parser
1734 silly ADD node_modules/y18n
1735 silly ADD node_modules/string-width
1736 silly ADD node_modules/string-width/node_modules/emoji-regex
1737 silly ADD node_modules/require-directory
1738 silly ADD node_modules/get-caller-file
1739 silly ADD node_modules/cliui
1740 silly ADD node_modules/webidl-conversions
1741 silly ADD node_modules/tr46
1742 silly ADD node_modules/websocket-extensions
1743 silly ADD node_modules/http-parser-js
1744 silly ADD node_modules/stubs
1745 silly ADD node_modules/@tootallnate/once
1746 silly ADD node_modules/stream-events
1747 silly ADD node_modules/http-proxy-agent
1748 silly ADD node_modules/http-proxy-agent/node_modules/agent-base
1749 silly ADD node_modules/anynum
1750 silly ADD node_modules/mime-db
1751 silly ADD node_modules/delayed-stream
1752 silly ADD node_modules/mime-types
1753 silly ADD node_modules/combined-stream
1754 silly ADD node_modules/asynckit
1755 silly ADD node_modules/form-data
1756 silly ADD node_modules/@types/tough-cookie
1757 silly ADD node_modules/@types/caseless
1758 silly ADD node_modules/@types/request
1759 silly ADD node_modules/util-deprecate
1760 silly ADD node_modules/string_decoder
1761 silly ADD node_modules/@protobufjs/utf8
1762 silly ADD node_modules/@protobufjs/pool
1763 silly ADD node_modules/@protobufjs/path
1764 silly ADD node_modules/@protobufjs/float
1765 silly ADD node_modules/@protobufjs/fetch
1766 silly ADD node_modules/@protobufjs/eventemitter
1767 silly ADD node_modules/@protobufjs/codegen
1768 silly ADD node_modules/@protobufjs/base64
1769 silly ADD node_modules/@protobufjs/aspromise
1770 silly ADD node_modules/wrappy
1771 silly ADD node_modules/whatwg-url
1772 silly ADD node_modules/lodash.clonedeep
1773 silly ADD node_modules/buffer-equal-constant-time
1774 silly ADD node_modules/jwa
1775 silly ADD node_modules/@types/ms
1776 silly ADD node_modules/lru-memoizer
1777 silly ADD node_modules/lru-memoizer/node_modules/yallist
1778 silly ADD node_modules/lru-memoizer/node_modules/lru-cache
1779 silly ADD node_modules/limiter
1780 silly ADD node_modules/jose
1781 silly ADD node_modules/@types/jsonwebtoken
1782 silly ADD node_modules/lodash.once
1783 silly ADD node_modules/lodash.isstring
1784 silly ADD node_modules/lodash.isplainobject
1785 silly ADD node_modules/lodash.isnumber
1786 silly ADD node_modules/lodash.isinteger
1787 silly ADD node_modules/lodash.isboolean
1788 silly ADD node_modules/lodash.includes
1789 silly ADD node_modules/bignumber.js
1790 silly ADD node_modules/agent-base
1791 silly ADD node_modules/proto3-json-serializer
1792 silly ADD node_modules/object-hash
1793 silly ADD node_modules/@types/long
1794 silly ADD node_modules/json-bigint
1795 silly ADD node_modules/safe-buffer
1796 silly ADD node_modules/jws
1797 silly ADD node_modules/google-logging-utils
1798 silly ADD node_modules/gcp-metadata
1799 silly ADD node_modules/gcp-metadata/node_modules/node-fetch
1800 silly ADD node_modules/gcp-metadata/node_modules/gaxios
1801 silly ADD node_modules/ecdsa-sig-formatter
1802 silly ADD node_modules/uuid
1803 silly ADD node_modules/node-fetch
1804 silly ADD node_modules/is-stream
1805 silly ADD node_modules/https-proxy-agent
1806 silly ADD node_modules/xml-naming
1807 silly ADD node_modules/strnum
1808 silly ADD node_modules/path-expression-matcher
1809 silly ADD node_modules/is-unsafe
1810 silly ADD node_modules/fast-xml-builder
1811 silly ADD node_modules/@nodable/entities
1812 silly ADD node_modules/once
1813 silly ADD node_modules/stream-shift
1814 silly ADD node_modules/readable-stream
1815 silly ADD node_modules/inherits
1816 silly ADD node_modules/end-of-stream
1817 silly ADD node_modules/retry
1818 silly ADD node_modules/event-target-shim
1819 silly ADD node_modules/extend
1820 silly ADD node_modules/arrify
1821 silly ADD node_modules/teeny-request
1822 silly ADD node_modules/teeny-request/node_modules/agent-base
1823 silly ADD node_modules/teeny-request/node_modules/https-proxy-agent
1824 silly ADD node_modules/retry-request
1825 silly ADD node_modules/mime
1826 silly ADD node_modules/html-entities
1827 silly ADD node_modules/gaxios
1828 silly ADD node_modules/fast-xml-parser
1829 silly ADD node_modules/duplexify
1830 silly ADD node_modules/async-retry
1831 silly ADD node_modules/abort-controller
1832 silly ADD node_modules/@google-cloud/promisify
1833 silly ADD node_modules/@google-cloud/projectify
1834 silly ADD node_modules/@google-cloud/paginator
1835 silly ADD node_modules/google-gax
1836 silly ADD node_modules/google-gax/node_modules/google-logging-utils
1837 silly ADD node_modules/google-gax/node_modules/gcp-metadata
1838 silly ADD node_modules/google-gax/node_modules/google-auth-library
1839 silly ADD node_modules/google-gax/node_modules/@grpc/grpc-js
1840 silly ADD node_modules/google-gax/node_modules/@grpc/grpc-js/node_modules/@grpc/proto-loader
1841 silly ADD node_modules/functional-red-black-tree
1842 silly ADD node_modules/@opentelemetry/api
1843 silly ADD node_modules/jwks-rsa
1844 silly ADD node_modules/jsonwebtoken
1845 silly ADD node_modules/jsonwebtoken/node_modules/semver
1846 silly ADD node_modules/google-auth-library
1847 silly ADD node_modules/google-auth-library/node_modules/node-fetch
1848 silly ADD node_modules/google-auth-library/node_modules/gaxios
1849 silly ADD node_modules/farmhash-modern
1850 silly ADD node_modules/@google-cloud/storage
1851 silly ADD node_modules/@google-cloud/storage/node_modules/google-logging-utils
1852 silly ADD node_modules/@google-cloud/storage/node_modules/gcp-metadata
1853 silly ADD node_modules/@google-cloud/storage/node_modules/google-auth-library
1854 silly ADD node_modules/@google-cloud/firestore
1855 silly ADD node_modules/@fastify/busboy
1856 silly ADD node_modules/websocket-driver
1857 silly ADD node_modules/yargs
1858 silly ADD node_modules/protobufjs
1859 silly ADD node_modules/long
1860 silly ADD node_modules/lodash.camelcase
1861 silly ADD node_modules/@firebase/storage-types
1862 silly ADD node_modules/@firebase/remote-config-types
1863 silly ADD node_modules/@firebase/performance-types
1864 silly ADD node_modules/web-vitals
1865 silly ADD node_modules/@firebase/installations-types
1866 silly ADD node_modules/@firebase/functions-types
1867 silly ADD node_modules/@firebase/messaging-interop-types
1868 silly ADD node_modules/@firebase/firestore-types
1869 silly ADD node_modules/re2js
1870 silly ADD node_modules/@grpc/proto-loader
1871 silly ADD node_modules/@grpc/grpc-js
1872 silly ADD node_modules/@firebase/webchannel-wrapper
1873 silly ADD node_modules/@firebase/database-types
1874 silly ADD node_modules/faye-websocket
1875 silly ADD node_modules/@firebase/auth-interop-types
1876 silly ADD node_modules/@firebase/auth-types
1877 silly ADD node_modules/@firebase/app-check-types
1878 silly ADD node_modules/idb
1879 silly ADD node_modules/@firebase/analytics-types
1880 silly ADD node_modules/@firebase/logger
1881 silly ADD node_modules/@firebase/component
1882 silly ADD node_modules/@firebase/app-check-interop-types
1883 silly ADD node_modules/@firebase/util
1884 silly ADD node_modules/@firebase/storage-compat
1885 silly ADD node_modules/@firebase/storage
1886 silly ADD node_modules/@firebase/remote-config-compat
1887 silly ADD node_modules/@firebase/remote-config
1888 silly ADD node_modules/@firebase/performance-compat
1889 silly ADD node_modules/@firebase/performance
1890 silly ADD node_modules/@firebase/messaging-compat
1891 silly ADD node_modules/@firebase/messaging
1892 silly ADD node_modules/@firebase/installations-compat
1893 silly ADD node_modules/@firebase/installations
1894 silly ADD node_modules/@firebase/functions-compat
1895 silly ADD node_modules/@firebase/functions
1896 silly ADD node_modules/@firebase/firestore-compat
1897 silly ADD node_modules/@firebase/firestore
1898 silly ADD node_modules/@firebase/database-compat
1899 silly ADD node_modules/@firebase/database
1900 silly ADD node_modules/@firebase/data-connect
1901 silly ADD node_modules/@firebase/auth-compat
1902 silly ADD node_modules/@firebase/auth
1903 silly ADD node_modules/@firebase/app-check-compat
1904 silly ADD node_modules/@firebase/app-check
1905 silly ADD node_modules/@firebase/app-compat
1906 silly ADD node_modules/@firebase/analytics-compat
1907 silly ADD node_modules/@firebase/analytics
1908 silly ADD node_modules/@firebase/app-types
1909 silly ADD node_modules/@firebase/app
1910 silly ADD node_modules/@firebase/ai
1911 silly ADD node_modules/firebase-admin
1912 silly ADD node_modules/firebase
1913 verbose cwd D:\APPLICATION-JPS
1914 verbose os Windows_NT 10.0.26200
1915 verbose node v20.19.4
1916 verbose npm  v11.14.1
1917 notice
1917 notice New minor version of npm available! 11.14.1 -> 11.19.0
1917 notice Changelog: https://github.com/npm/cli/releases/tag/v11.19.0
1917 notice To update run: npm install -g npm@11.19.0
1917 notice  { force: true, [Symbol(proc-log.meta)]: true }
1918 verbose exit 0
1919 info ok
